,WORD,1STAR,2STAR,3STAR,4STAR,5STAR,x_square
1949,alternate,5,0,0,0,0,4.000000000000001
1734,sneer,5,0,0,0,0,4.000000000000001
1348,et,0,0,0,9,0,4.000000000000001
1837,custom,0,0,0,0,7,4.000000000000001
1836,engine,5,0,0,0,0,4.000000000000001
1291,unit,0,0,0,0,6,4.000000000000001
1755,cancel,5,0,0,0,0,4.000000000000001
1943,precede,6,0,0,0,0,4.000000000000001
914,compliment,0,0,0,0,8,4.000000000000001
1939,fitness,0,0,0,0,11,4.000000000000001
1940,fred,0,0,0,0,5,4.000000000000001
1261,roof,0,0,0,0,6,4.000000000000001
1938,lens,0,9,0,0,0,4.000000000000001
1937,quiznos,0,0,0,0,5,4.000000000000001
1944,jimmy,0,0,0,0,7,4.000000000000001
1616,studio,0,0,0,0,5,4.000000000000001
1945,renter,0,0,0,0,10,4.000000000000001
1946,tenant,0,0,0,0,7,4.000000000000001
929,not wait,0,0,0,0,16,4.000000000000001
1757,nicest,0,0,0,0,5,4.000000000000001
1276,goal,0,0,0,0,6,4.000000000000001
1354,une,0,0,0,5,0,4.000000000000001
1571,not work,12,0,0,0,0,4.000000000000001
1731,radiate,6,0,0,0,0,4.000000000000001
1909,watermelon,0,0,0,0,6,4.000000000000001
483,quarter,0,0,0,6,0,4.000000000000001
661,plunge,0,0,0,0,6,4.000000000000001
665,rudely,5,0,0,0,0,4.000000000000001
1400,ruble,0,0,0,0,5,4.000000000000001
1796,chateau,0,0,0,0,8,4.000000000000001
1675,humerus,0,0,0,10,0,4.000000000000001
1290,north,0,0,0,0,5,4.000000000000001
1681,news,5,0,0,0,0,4.000000000000001
1485,christian,0,0,0,0,5,4.000000000000001
1488,saber,0,0,0,5,0,4.000000000000001
40,blowout,0,0,0,0,5,4.000000000000001
1388,technical,0,0,0,0,7,4.000000000000001
1712,joe,0,0,0,0,6,4.000000000000001
1861,isaac,0,0,0,0,6,4.000000000000001
1499,happier,0,0,0,0,5,4.000000000000001
1002,playground,0,7,0,0,1,3.581352929376361
1719,peasant,0,7,0,1,0,3.364246294538572
886,piccadilly,0,0,4,0,1,3.3175373918518147
1225,not finish,0,4,0,0,1,3.313211131331433
956,surgery,7,0,0,0,1,3.3109861126743976
965,nasty,14,0,0,0,2,3.3109861126743976
322,refund,11,0,0,1,0,3.3006020189310528
712,estate,6,0,0,0,1,3.2157323191981235
877,grant,0,5,0,1,0,3.156609221603096
1833,golf,0,5,0,1,0,3.156609221603096
1604,ranch,16,0,0,2,0,3.0906635843928423
1906,rent,5,0,0,0,1,3.090360296500168
1558,peanut,0,0,0,5,1,3.0120244848374726
1050,jalape,0,0,5,0,2,2.9985535376404484
1922,confuse,0,4,0,1,0,2.993118265297928
1435,bay,0,4,0,1,0,2.993118265297928
1099,dam,1,0,0,0,13,2.942450255091527
1828,professionalism,4,0,0,0,1,2.9183766117157877
1574,anchor,4,0,0,0,1,2.9183766117157877
1694,response,4,0,0,0,1,2.9183766117157877
300,acknowledge,4,0,0,0,1,2.9183766117157877
1482,couch,0,0,0,4,1,2.8309071010469915
1714,thoroughly,0,0,0,4,1,2.8309071010469915
1351,mais,0,0,0,4,1,2.8309071010469915
361,bass,0,0,0,4,1,2.8309071010469915
549,michael,0,0,0,4,1,2.8309071010469915
1346,pa,0,0,0,4,1,2.8309071010469915
461,hill,7,0,0,0,2,2.80631134047672
529,tiramisu,0,0,5,1,1,2.734564983030255
1700,shady,5,0,0,1,0,2.706821724801803
1298,re,5,0,0,1,0,2.706821724801803
706,never go,9,0,0,0,3,2.669527712199409
1403,george,6,0,0,0,2,2.669527712199409
1671,greek,0,0,0,6,2,2.5727363702400123
1199,bend,0,0,0,6,2,2.5727363702400123
861,wood,0,0,0,6,2,2.5727363702400123
1500,song,0,0,3,0,2,2.5563884710323808
1769,stage,0,0,3,0,2,2.5563884710323808
619,wednesday,0,0,3,0,2,2.5563884710323808
1636,decade,0,3,0,0,2,2.5494243187508636
1487,convenient,1,0,0,0,8,2.5132626740622057
1716,que,1,0,0,5,0,2.512866942891153
1842,resident,0,4,0,1,1,2.5030651108833424
807,lasagna,0,4,0,1,1,2.5030651108833424
1190,form,4,0,0,1,0,2.500153495106517
1862,mike,5,0,0,0,2,2.499756866432291
1140,phenomenon,0,0,0,1,7,2.4860654521176517
942,lucky,0,0,0,1,7,2.4860654521176517
206,accommodation,0,0,0,1,7,2.4860654521176517
1597,mediocre,1,5,0,1,0,2.4587122197192133
160,dentist,0,8,0,0,6,2.4376237829102454
948,beyond,0,0,0,2,13,2.4152766724216788
1162,sashimi,0,0,0,10,4,2.399598637413918
1624,tartar,0,0,0,5,2,2.399598637413918
1711,excuse,7,1,0,0,0,2.3963523584025563
1423,yell,7,1,0,0,0,2.3963523584025563
684,shoulder,7,1,0,0,0,2.3963523584025563
1120,communication,1,0,0,0,7,2.38575327300224
1655,dash,1,0,0,0,7,2.38575327300224
1920,jam,0,4,0,2,0,2.3761087412291673
1313,papa,7,0,0,2,0,2.3724562631899864
1264,thorough,0,0,0,1,6,2.3383524313397666
87,superb,0,0,0,1,6,2.3383524313397666
1717,un,0,0,0,7,3,2.333261657699368
1612,tall,6,0,0,1,1,2.3326404172268846
1642,avenue,1,0,0,4,0,2.2991544534009987
1353,ai,1,0,0,4,0,2.2991544534009987
649,lamb,0,0,0,9,4,2.2982747184421823
393,calamari,0,1,0,7,0,2.295501315083155
1303,attempt,4,0,0,0,2,2.2858548463777417
1901,information,4,0,0,0,2,2.2858548463777417
1196,ravioli,0,9,0,2,4,2.2730879306972387
1800,persian,0,0,5,2,1,2.2555657135773197
476,register,1,0,4,1,0,2.2198065419070447
1234,bloody,0,1,8,1,2,2.193894425841175
1810,deep,2,0,0,10,1,2.1910759607975225
1868,root,0,3,0,1,1,2.187138318102366
1153,not enjoy,0,3,0,1,1,2.187138318102366
200,leaf,0,0,0,6,3,2.185543788371157
1069,surprisingly,0,0,0,4,2,2.1855437883711555
1740,access,0,0,0,4,2,2.1855437883711555
1825,consistently,0,0,0,4,2,2.1855437883711555
1752,shell,0,0,0,4,2,2.1855437883711555
589,pizza,0,0,0,4,2,2.1855437883711555
1024,paul,0,0,0,4,2,2.1855437883711555
1894,active,0,0,1,0,10,2.180389228023746
137,skilled,0,0,3,0,3,2.1689863716201776
1537,basis,0,0,3,0,3,2.1689863716201776
139,terrific,0,0,0,1,5,2.1638482709921067
1797,pleasure,0,0,0,1,5,2.1638482709921067
1792,flame,0,0,0,1,5,2.1638482709921067
1818,implacable,0,0,0,1,5,2.1638482709921067
1151,hush,0,1,0,6,0,2.1483836921172883
1173,tongue,0,1,0,6,0,2.1483836921172883
720,reserve,10,0,1,0,2,2.138888136431248
984,tone,5,0,0,1,1,2.1271037519213665
1156,page,0,3,0,2,0,2.1017612794601015
1299,never again,5,1,0,0,0,2.076050254106024
1363,argue,5,1,0,0,0,2.076050254106024
1848,ship,1,0,1,0,16,2.0738141180926775
1815,deny,5,0,1,0,0,2.06920990701279
97,action,1,0,0,0,5,2.0658779800424907
1100,screw,5,0,0,2,0,2.053178250284419
1250,bruschetta,0,1,4,0,1,2.02908623883948
1936,fuel,2,0,0,6,0,2.028207685517408
1243,quiet,0,0,0,5,3,2.01615202676366
768,intimate,0,0,0,5,3,2.01615202676366
159,j,0,0,0,5,3,2.01615202676366
1305,serious,3,0,0,0,2,2.015704277053169
1563,receipt,3,0,0,0,2,2.015704277053169
1762,till,3,0,0,0,2,2.015704277053169
1184,not able,3,0,0,0,2,2.015704277053169
1529,history,3,0,0,0,2,2.015704277053169
1925,proper,3,0,0,0,2,2.015704277053169
1900,enjoyable,0,0,4,2,1,2.0095983257370826
1783,estimate,0,0,1,0,8,1.974886194817328
1617,challenge,0,0,0,1,4,1.9595493813174674
1699,cooker,0,0,0,1,4,1.9595493813174674
1025,ace,0,0,0,1,4,1.9595493813174674
611,never disappoint,0,0,0,1,4,1.9595493813174674
951,relate,0,0,0,1,4,1.9595493813174674
67,shampoo,0,0,0,1,4,1.9595493813174674
1197,marie,0,0,0,1,4,1.9595493813174674
1545,match,0,0,0,1,4,1.9595493813174674
1860,inch,0,0,0,1,4,1.9595493813174674
1751,natural,0,0,0,1,4,1.9595493813174674
1913,chicago,0,0,0,1,4,1.9595493813174674
1564,al,1,0,0,5,1,1.9340470308064612
1739,smith,1,0,0,5,1,1.9340470308064612
1688,contract,10,1,0,0,3,1.9299321615150573
1819,go-to,0,0,0,3,2,1.92351807087091
655,pipe,0,0,0,3,2,1.92351807087091
1215,nervous,0,0,0,3,2,1.92351807087091
556,overwhelm,0,0,0,3,2,1.92351807087091
1623,pint,0,0,0,3,2,1.92351807087091
1343,est,0,0,0,3,2,1.92351807087091
1356,je,0,0,0,3,2,1.92351807087091
1270,property,0,0,2,0,15,1.9188869517504432
1087,asparagus,0,1,0,7,1,1.9005163683349384
696,no star,4,1,0,0,0,1.8796543867755566
1420,no way,4,1,0,0,0,1.8796543867755566
1570,mechanic,4,1,0,0,0,1.8796543867755566
1474,utf,4,0,1,0,0,1.8735429116507818
260,lobby,4,0,1,0,0,1.8735429116507818
1829,impression,4,0,1,0,0,1.8735429116507818
1795,thousand,1,0,0,0,4,1.8705722669450735
1865,pan,1,0,0,0,4,1.8705722669450735
1306,ash,1,0,0,0,4,1.8705722669450735
156,organize,1,0,0,0,4,1.8705722669450735
1805,instal,1,0,0,0,4,1.8705722669450735
1782,swamp,0,1,0,0,7,1.8674618453060525
1947,bobby,0,1,0,0,7,1.8674618453060525
1880,win,7,0,0,1,3,1.8634526262556135
275,gum,4,0,0,2,0,1.859287622752122
1205,toronto,0,0,0,2,7,1.8473173290525646
1523,unfordable,0,0,0,2,7,1.8473173290525646
679,blood,7,0,1,1,0,1.8307873532384045
287,assume,6,0,0,2,1,1.8275476318472172
967,wanton,0,0,0,4,3,1.826742539180231
1669,device,0,0,2,0,3,1.8131319467646136
1518,gorilla,0,0,2,0,3,1.8131319467646136
1038,closest,0,0,3,1,2,1.8122246460640203
1843,cabin,0,0,3,1,2,1.8122246460640203
1036,constant,0,2,0,0,3,1.8074114343936858
1013,spread,0,2,0,0,3,1.8074114343936858
810,hamburg,0,2,0,0,3,1.8074114343936858
1538,sub,1,1,5,0,1,1.792686219203704
1899,restroom,0,0,1,4,0,1.7908175480159438
1480,spacious,0,0,1,4,0,1.7908175480159438
687,word,8,0,0,0,7,1.7888463832767403
626,awful,9,1,1,0,0,1.7792197024479628
1824,program,0,0,0,5,4,1.7774681534843135
1696,crowd,0,0,11,3,9,1.7767193856924561
990,layout,0,0,5,2,3,1.7717549722903516
897,higher,0,0,4,4,0,1.7649636346459274
955,gross,0,3,0,3,0,1.7595888811577642
1627,perform,1,0,3,0,2,1.7545328009777486
1576,individual,0,0,1,0,6,1.7440366123971933
1886,mountain,0,0,1,0,6,1.7440366123971933
1259,beat,0,0,1,0,6,1.7440366123971933
963,ruin,5,0,0,1,2,1.7423529049777302
390,conversation,0,0,0,2,6,1.7318577089274378
1845,test,8,1,0,1,1,1.7092310040980967
1648,chart,2,0,0,4,0,1.7044076075875363
429,fancy,0,0,4,3,1,1.69786872487202
1167,partisan,0,0,3,2,1,1.696133020410814
680,kid,3,0,0,0,3,1.695410182179284
711,regard,3,0,0,0,3,1.695410182179284
1495,round,0,4,0,3,1,1.6905305127804016
1092,accommodate,0,3,0,2,1,1.68830747260187
1776,fashion,1,0,0,4,1,1.678493524803228
1923,convenience,1,0,0,4,1,1.678493524803228
167,insurance,13,1,0,2,3,1.67589954626617
1814,skill,2,0,0,0,6,1.6641491289736476
1787,spanish,3,0,0,2,0,1.6559590427033088
1370,sorry,10,2,0,0,2,1.6506239600148542
1072,organ,2,0,0,6,1,1.6402468953035039
1136,writ,0,1,0,0,5,1.633994876772813
1785,arrangement,0,1,0,0,5,1.633994876772813
1327,everytime,0,1,0,0,5,1.633994876772813
1361,apt,5,0,0,2,1,1.633385809093452
1578,latter,0,0,0,4,4,1.6329078264442909
1674,east,0,0,0,4,4,1.6329078264442909
1437,tend,0,0,0,5,5,1.6329078264442904
1764,therapy,0,0,0,3,3,1.6329078264442904
1849,pace,0,0,0,3,3,1.6329078264442904
853,lovely,0,0,0,6,6,1.6329078264442904
1784,dere,0,0,1,0,5,1.629960266039303
1620,almond,1,4,0,0,4,1.6239746752745603
1791,spectacular,0,0,3,0,6,1.6235347291141988
1096,rude,31,6,1,1,2,1.6207009450666483
1169,cheesecake,0,0,0,2,5,1.6206824772898736
1337,skeptically,0,0,0,2,5,1.6206824772898736
1137,unique,0,0,0,4,10,1.6206824772898736
1622,whenever,0,0,0,2,5,1.6206824772898736
1629,somewhat,0,2,3,0,0,1.6035884727404808
982,remove,8,0,0,3,2,1.5937127468443828
800,support,0,5,0,2,4,1.5933629123302877
1775,brow,0,3,0,4,0,1.588391947364877
1729,pump,5,2,0,0,0,1.576238701684859
1097,disgust,11,2,1,0,0,1.5736673155107288
1875,backpack,5,0,0,4,0,1.5660553512095998
1362,desk,3,7,0,1,3,1.5611743667961209
1637,medium,1,5,0,2,2,1.5582684383008667
1452,forth,2,0,0,3,0,1.5556359615142379
76,worst,26,4,2,1,1,1.5549868703283227
1771,entertain,0,0,3,1,3,1.5526242748194978
657,prick,0,6,0,2,6,1.5445778890408537
1090,goat,0,1,0,5,1,1.5433760903804734
1670,eastern,0,1,0,5,1,1.5433760903804734
1935,lie,3,0,0,1,1,1.5417980267586733
278,shut,3,0,0,1,1,1.5417980267586733
1867,no i,3,0,0,1,1,1.5417980267586733
1383,quinine,0,0,1,5,1,1.5385894067494632
927,croissant,0,1,0,0,4,1.5381801186220685
1665,rescue,0,1,0,0,4,1.5381801186220685
1873,regularly,0,1,0,0,4,1.5381801186220685
162,dental,0,1,0,0,4,1.5381801186220685
1820,duke,0,1,0,0,4,1.5381801186220685
1244,margaret,0,0,0,4,5,1.5375775895097965
1263,apartment,0,0,0,4,5,1.5375775895097965
1331,encounter,0,0,1,0,4,1.5359563831438416
1059,no more,0,0,1,0,4,1.5359563831438416
1758,raven,0,0,1,0,4,1.5359563831438416
1054,ample,0,0,1,0,4,1.5359563831438416
1864,sample,0,0,2,0,5,1.5324882165125948
1237,not disappoint,0,0,0,5,10,1.5309790010705242
1444,romantic,0,0,0,2,4,1.530979001070524
1726,animal,0,0,0,2,4,1.530979001070524
1249,crew,0,0,0,2,4,1.530979001070524
1550,relish,0,0,0,2,4,1.530979001070524
1735,groom,0,0,0,2,4,1.530979001070524
1698,region,0,0,0,2,4,1.530979001070524
1381,latin,0,0,0,3,6,1.5309790010705238
1662,pair,0,0,0,3,4,1.5205670297302525
969,roi,0,0,0,3,4,1.5205670297302525
909,ham,0,0,0,3,4,1.5205670297302525
1798,montreal,0,0,0,3,4,1.5205670297302525
1789,bang,0,0,0,3,4,1.5205670297302525
1948,truck,2,0,0,0,3,1.5177626872517391
1806,yard,2,0,0,0,3,1.5177626872517391
1376,raw,0,3,1,1,0,1.5152563952111309
1588,org,2,0,0,0,4,1.508785105792562
237,attend,2,0,0,0,4,1.508785105792562
1942,respond,2,0,0,0,4,1.508785105792562
733,bet,4,0,0,5,0,1.5087234724182612
1817,boot,2,0,0,1,10,1.5085092504325466
603,oven,4,0,0,4,0,1.5068601771903134
1621,quincy,0,0,0,2,3,1.502567884546141
1790,favour,0,0,0,2,3,1.502567884546141
694,delightful,0,0,0,2,3,1.502567884546141
1653,minor,0,0,0,2,3,1.502567884546141
1521,carnival,0,0,0,2,3,1.502567884546141
724,balcony,5,0,3,0,0,1.5022490208062782
1781,slightly,0,2,0,4,0,1.50038648630537
1391,refresh,0,0,0,5,8,1.5000001092444117
1508,flavour,0,1,4,2,0,1.4943859288407428
1706,parent,4,0,0,1,2,1.488922456823262
1812,warranty,5,0,0,1,3,1.4881497568874191
1813,vehicle,10,0,0,5,2,1.4880595762802142
1430,not impress,1,1,3,0,0,1.4803582055735476
1101,market,2,0,0,8,3,1.4755494980796187
986,safe,2,0,1,0,13,1.4682987660517681
1921,sharp,1,0,3,2,0,1.4653381737858189
531,knowledgeable,0,1,0,3,15,1.4537001290585572
1633,not good,2,4,0,0,3,1.4483396297257372
413,trace,0,0,3,3,1,1.4353059894743698
1804,pancake,0,0,3,3,1,1.4353059894743698
1200,school,0,0,3,3,1,1.4353059894743698
343,properly,4,1,0,0,1,1.4291021195589289
1615,disrespectful,4,0,1,0,1,1.4248304140602865
747,jacket,2,0,4,2,0,1.4226681284325344
1891,safety,9,2,0,1,1,1.4179928906026444
1933,bathroom,0,3,1,0,2,1.4124845356962414
801,west,0,3,0,2,2,1.4024578698695624
1551,homemade,1,0,0,8,6,1.3969513879979238
1721,confirm,6,2,0,0,1,1.3962960438114669
778,inform,8,0,1,0,5,1.369548401806821
1822,press,1,0,0,3,1,1.3685337631203278
1659,content,1,0,0,3,1,1.3685337631203278
28,train,0,1,1,0,11,1.359117266945844
1897,sour,0,0,2,1,2,1.357442169360696
850,salary,0,0,2,1,2,1.357442169360696
1269,report,0,0,2,1,2,1.357442169360696
185,highly,2,2,1,5,41,1.3547437027632452
1164,tune,1,0,0,6,4,1.353712047491365
1703,nut,0,2,0,1,2,1.349702733898811
1779,brother,0,2,0,1,2,1.349702733898811
1342,perfection,0,0,1,2,11,1.3460439174522165
1365,rule,2,3,0,0,2,1.3435413057619066
631,heavy,0,1,4,1,2,1.342507144861415
1003,equipment,0,2,5,2,0,1.3402687597936813
1507,throughout,0,0,4,1,7,1.338332070118356
1345,y,0,1,0,4,1,1.3351365547893737
1840,ferry,0,1,0,4,1,1.3351365547893737
1744,relatively,0,0,1,4,1,1.3314041747986642
1458,apologize,7,1,0,1,2,1.3291382436786032
1183,system,9,1,0,1,4,1.3251869789439097
1685,multiple,5,0,0,1,4,1.3232781979193582
689,elsewhere,6,0,1,2,0,1.313132528020204
481,sister,1,1,0,5,0,1.3111836606047866
335,claim,7,2,0,0,2,1.3108175209970099
1835,indian,0,0,3,4,1,1.310550010707222
1559,biscuit,0,0,2,2,1,1.308193824448748
1557,pea,0,0,2,2,1,1.308193824448748
1917,cilantro,0,0,2,2,1,1.308193824448748
1300,ny,1,0,1,5,0,1.3072395912054635
1122,email,9,1,0,0,7,1.3057165231800254
723,dog,6,1,0,2,29,1.3052170021421627
884,branch,0,3,12,4,5,1.3048330413187097
1397,noise,1,0,2,0,2,1.3047928067049535
1465,appear,1,0,2,0,2,1.3047928067049535
1866,moment,0,2,0,2,1,1.302082795358051
4,horrible,18,5,1,0,2,1.3020242486244087
1081,thou,8,2,0,1,1,1.3002564086263497
654,damage,1,0,0,2,8,1.298428350872064
1713,management,3,6,0,2,2,1.2975873327115965
1549,angry,1,2,0,0,2,1.2972207578913968
1924,competent,1,2,0,0,2,1.2972207578913968
1657,worthy,1,2,0,0,2,1.2972207578913968
926,fantastic,0,0,2,7,28,1.2934666530821808
1479,cafe,0,1,0,9,6,1.287179051037
358,thank,3,1,0,9,38,1.2817382591493023
1605,take-out,2,0,0,4,1,1.2746951057287763
824,tread,2,0,0,4,1,1.2746951057287763
1272,wage,2,0,0,4,1,1.2746951057287763
1447,concern,0,0,3,1,5,1.2667323993486816
728,upstairs,4,0,0,1,3,1.2642839765406801
873,beware,4,0,0,1,3,1.2642839765406801
1722,rip,2,0,2,0,1,1.2616396914690835
1548,babel,0,1,0,5,2,1.2575375515308747
1568,july,2,2,0,0,1,1.2561720166872132
1732,common,2,2,0,0,1,1.2561720166872132
710,skin,2,5,0,3,1,1.2489643733777158
1565,fabulous,0,0,1,2,10,1.248777782625964
541,wonderful,0,1,1,6,26,1.2477286321050733
911,nicely,0,1,6,3,3,1.2411129634515052
966,operate,1,3,0,1,2,1.2410948458196842
1859,lynn,1,3,0,1,2,1.2410948458196842
1128,gem,2,0,0,4,15,1.2373638055721468
607,cleveland,0,0,2,5,1,1.2362516892132769
1142,melt,0,1,0,1,7,1.2313467813220507
1484,penny,0,1,3,1,1,1.2269119319126647
1630,fit,0,1,5,0,8,1.2267623479598495
1632,def,0,1,3,0,3,1.226163337303638
1581,not much,0,3,1,0,3,1.2153154111387137
1193,ganglion,0,3,1,1,1,1.2151221586348897
922,manager,30,3,2,1,14,1.2146503186400575
1702,pie,0,3,1,14,2,1.2143788392218773
1774,piebald,0,0,3,2,3,1.2140000211556394
1454,airport,2,1,4,0,1,1.213305038275545
1907,square,3,0,4,2,0,1.2091130825618905
902,neighborhood,0,0,7,8,4,1.2050626827224904
1638,overlook,2,4,1,0,1,1.201817449975583
1182,six,4,2,0,0,1,1.1969676620160548
1347,l,2,0,0,5,2,1.1943529794138417
779,loose,3,0,0,1,2,1.1924682349078237
315,health,3,0,0,1,2,1.1924682349078237
1610,apology,3,1,0,0,1,1.1913963135956767
701,quantity,3,1,0,0,1,1.1913963135956767
114,corporate,3,1,0,0,1,1.1913963135956767
1293,inconvenience,3,1,0,0,1,1.1913963135956767
1634,western,3,1,0,0,1,1.1913963135956767
376,mmm,1,0,0,1,5,1.1891045341892748
1645,voice,3,0,1,0,1,1.1887702223761971
725,mistake,9,1,0,4,1,1.18674326867824
230,result,4,1,0,0,14,1.1829804635997176
790,paint,3,0,0,2,1,1.1827497010422818
1326,flavourful,0,0,2,3,1,1.1755443172039988
1330,girlfriend,2,0,0,1,7,1.1730919123020962
1332,dine,2,0,0,1,7,1.1730919123020962
417,marshal,0,2,2,0,1,1.1713830432325159
1678,zero,5,1,0,0,3,1.1687055892125897
252,men,2,0,3,0,3,1.1638379608875358
1908,layer,3,2,0,0,1,1.1628172887527437
492,row,1,0,2,6,0,1.1607678800221566
887,rare,0,1,1,0,9,1.1593904017807417
506,non,2,3,0,0,3,1.156976884199593
1442,cupcake,4,7,0,4,1,1.1555980822223755
1902,scramble,0,0,2,1,3,1.1551825080204858
1661,discover,0,0,2,1,3,1.1551825080204858
103,clearly,6,6,0,0,4,1.1544226940742561
1209,labor,1,2,1,0,17,1.149996521168334
1858,sense,0,2,0,1,3,1.1489319774006563
1446,medical,4,1,0,0,2,1.1483201904936138
1364,needle,6,0,1,1,2,1.1471564680496888
905,bank,0,3,0,1,8,1.1444637983500523
1462,not recommend,8,3,0,1,1,1.139831078643272
700,besides,4,0,0,2,2,1.1373686997385424
878,apple,0,0,3,7,2,1.1318414209164551
606,casual,0,0,3,7,2,1.1318414209164551
1247,not try,1,0,0,4,3,1.1258282891690237
515,tender,0,1,1,14,9,1.1228109024882453
1898,frustration,0,1,0,3,1,1.1221397077326787
1919,falafel,0,1,0,3,1,1.1221397077326787
1885,garage,0,1,0,3,1,1.1221397077326787
1340,upside,0,1,0,3,1,1.1221397077326787
941,colony,0,1,0,3,1,1.1221397077326787
1683,spinal,0,1,0,3,1,1.1221397077326787
1778,cobbler,0,1,0,3,1,1.1221397077326787
555,bachelorette,0,0,1,3,1,1.1202274243767647
1163,pepperoni,0,0,1,3,1,1.1202274243767647
317,solid,1,0,5,8,1,1.1190554421675618
1816,donets,0,2,3,0,2,1.1116219063540178
1503,hint,1,0,1,4,0,1.1066988348773565
898,bigger,0,0,3,4,2,1.1058028912939573
1857,clinic,1,2,0,0,3,1.105091883088214
222,client,2,0,1,0,9,1.1006336252435889
1650,scar,2,0,0,3,1,1.0954144463601796
533,entry,1,0,2,11,4,1.093238902669398
849,terrible,17,2,1,5,2,1.0923997769625
1262,replacement,6,1,1,0,1,1.0892132347279437
521,pepper,1,0,4,9,1,1.08794530951203
1210,likely,0,1,4,2,2,1.0854903031882686
1882,key,5,5,0,1,2,1.0849275988684803
1248,quote,1,5,0,3,4,1.0839724514623075
302,e,6,0,1,2,1,1.0786762050604533
1379,lumen,5,2,0,0,2,1.077732391804708
279,not only,9,2,0,0,6,1.0740512873111163
935,dip,1,0,3,15,6,1.0729194836539517
1172,dance,0,1,0,7,6,1.0724918864414823
1166,power,5,0,0,5,2,1.0599353290742088
1057,average,4,1,8,2,3,1.0595116620724243
1408,deliver,2,0,0,1,6,1.0576209493059554
1759,tight,0,0,2,1,4,1.0555359683860888
1389,spring,0,0,2,1,4,1.0555359683860888
1684,manure,0,0,2,1,4,1.0555359683860888
596,poor,6,2,0,1,1,1.0529217693629138
1311,worse,5,4,0,0,3,1.0525875343184605
1369,york,1,0,0,3,2,1.052306255839364
1131,jelly,1,0,0,3,2,1.052306255839364
346,snow,1,0,0,3,2,1.052306255839364
1746,arugula,1,0,0,3,2,1.052306255839364
1338,suggestion,1,0,0,3,2,1.052306255839364
785,rub,3,0,0,5,2,1.0509949860947159
1284,ton,0,5,0,3,8,1.0483987204039265
913,tact,0,0,1,8,9,1.0468126183333575
1426,gift,0,1,2,0,2,1.0465513330038694
1583,load,0,0,1,2,8,1.0446033107109636
158,dr,12,0,1,1,19,1.0386264718928662
1635,exist,0,2,1,0,2,1.0380727011805555
453,mange,0,0,3,3,3,1.0374651192982138
1449,healthy,0,0,2,2,2,1.0374651192982138
215,session,7,1,0,0,9,1.0346101370180962
1344,de,0,0,5,10,4,1.0341846164299722
1467,follow,7,4,1,0,0,1.0339732802691275
1256,never do,1,0,2,1,1,1.0335182506557432
1274,practice,0,2,0,2,2,1.0318115092170654
1008,everywhere,0,2,0,2,2,1.0318115092170654
1639,closer,0,2,2,1,0,1.0300756270734426
658,excellent,2,1,1,25,44,1.027048473635141
1012,field,1,2,0,1,1,1.025536693556177
91,not one,1,2,0,1,1,1.025536693556177
1459,as,1,2,0,1,1,1.025536693556177
1229,celebrate,1,2,0,1,1,1.025536693556177
827,mile,8,0,0,3,7,1.0249313521889736
1314,later,28,0,2,11,12,1.0235942003051264
1358,bubble,2,0,0,5,3,1.0211760206758473
1280,incredibly,3,0,0,2,10,1.0192603108323566
838,alright,3,0,2,1,0,1.0178590998290127
1536,awhile,3,0,2,1,0,1.0178590998290127
1520,decision,1,0,2,0,4,1.0162249846536617
1441,aware,3,1,0,1,0,1.0149226564600422
752,biggest,3,0,1,1,0,1.0128113252760729
223,female,3,0,1,1,0,1.0128113252760729
432,basically,1,0,3,3,1,1.0076740488830893
1457,tuesday,0,3,1,1,2,1.006391538731591
164,amaze,1,1,6,34,88,1.00531616739049
638,cashier,4,0,0,3,2,1.0047408989523736
880,tactless,3,5,1,1,1,1.0046133878547971
1476,hell,1,1,0,6,2,1.0032196608271604
1707,not speak,2,0,2,0,2,1.0027280606740356
814,stomach,1,3,0,3,1,1.0014027486614154
673,barely,6,3,0,1,1,1.0013649520181078
644,delhi,1,0,1,6,2,1.0002563170831558
1427,ridiculous,2,2,0,0,2,0.9976155943157657
1930,flower,1,0,0,1,4,0.9957236208891188
1673,shape,1,0,0,1,4,0.9957236208891188
921,freshly,1,0,0,1,4,0.9957236208891188
24,mr,1,0,0,1,4,0.9957236208891188
795,bell,1,0,0,4,6,0.9931678602702139
1582,college,2,0,0,2,1,0.9849621728597409
1470,human,2,0,0,2,1,0.9849621728597409
1475,nor,4,0,2,0,2,0.9839819038350469
1658,refuse,4,0,2,0,2,0.9839819038350469
1117,company,15,1,0,3,31,0.9817386301560316
763,mushroom,0,8,1,9,4,0.9798319382971974
1322,solution,4,1,0,0,3,0.9786535297417909
1308,photo,4,0,1,0,3,0.9758664272027695
1350,routine,0,1,0,1,5,0.9738507911809352
1690,not use,4,0,0,2,3,0.9693772762654259
143,awesome,1,2,4,13,55,0.9686448621543031
1855,difference,1,0,0,3,6,0.9662196209629884
867,verge,2,0,3,1,2,0.9658330544838629
865,onto,2,0,3,1,2,0.9658330544838629
163,procedure,3,0,0,1,4,0.9658209433324451
1718,print,3,0,0,1,4,0.9658209433324451
128,texas,3,0,0,1,4,0.9658209433324451
1591,tiny,0,2,3,0,3,0.9631974999591737
683,shout,4,1,1,0,0,0.961088742103154
863,buffalo,0,0,1,5,4,0.9594146323545525
1202,adult,0,0,2,4,2,0.9582615342585539
771,nobody,8,3,1,0,1,0.9557097051834688
1765,treatment,5,1,0,1,2,0.9550967367008469
1889,trend,0,2,2,0,2,0.9538050139750038
1733,knowledge,2,0,0,1,5,0.9492723263653946
1159,handle,2,0,0,1,5,0.9492723263653946
692,loyal,2,0,0,1,5,0.9492723263653946
1562,dim,1,4,1,3,0,0.9464035230964009
273,major,4,3,0,0,3,0.9411108629714123
1738,weight,0,3,0,5,3,0.9372527607772702
682,authentic,1,0,2,11,6,0.9368854243415812
719,lower,4,0,1,1,1,0.9361700464195994
869,n,5,0,1,6,0,0.9343255951449432
1396,establishment,4,1,3,0,0,0.9302659920738151
1916,arm,3,1,0,0,2,0.9294026177667245
1415,lash,3,1,0,0,2,0.9294026177667245
1139,annoy,1,5,4,1,1,0.926347250388537
1877,model,3,0,0,2,2,0.9231095516956583
1283,grocer,1,3,0,5,1,0.9208026613532314
622,completely,12,2,2,0,4,0.916108077025658
698,pot,4,6,0,3,3,0.9148577545028961
1372,booth,1,5,1,4,1,0.9139453003742799
1644,heat,0,0,2,2,9,0.9132401192426581
1486,split,0,0,2,2,9,0.9132401192426581
562,package,1,0,0,3,5,0.910090121948447
985,suite,1,0,0,3,5,0.910090121948447
802,valley,0,0,1,5,9,0.9085286855993526
1445,not give,5,2,0,2,0,0.9075711791626437
1448,refer,2,0,1,0,7,0.9059357875972318
1628,daily,0,1,4,1,6,0.9019460006347293
946,chew,0,0,1,4,3,0.9014137986050509
1511,traditional,0,0,1,4,3,0.9014137986050509
1113,baby,2,4,0,2,3,0.8979950422791472
293,lip,7,0,0,3,8,0.8975765711665791
1399,not return,2,3,2,0,0,0.8957097908876633
636,counter,20,3,2,5,3,0.8914452488477832
961,not bad,1,4,5,2,0,0.8909928491445747
227,teeth,3,3,0,0,4,0.889766856766945
1541,above,1,0,1,1,8,0.8879192443631229
764,lecture,2,0,5,2,6,0.8870988442794373
1695,art,1,0,3,1,5,0.8868135307007569
54,perfectly,0,0,2,9,17,0.8865244581637985
1847,del,1,0,0,3,4,0.8859893663109802
1926,advantage,0,2,1,0,3,0.8852281324931502
1279,welcome,0,0,4,3,12,0.8843096303306706
1424,therapist,1,3,0,1,5,0.8808573912788016
821,tire,13,1,0,3,14,0.8805670752985176
554,law,0,2,0,2,3,0.8798322597539822
1498,tattoo,0,2,0,2,3,0.8798322597539822
1267,specific,3,4,1,0,2,0.879577651569517
583,somehow,2,0,0,1,2,0.8747083973261468
675,arrival,2,0,0,1,2,0.8747083973261468
1294,arrange,2,0,0,1,2,0.8747083973261468
1006,bone,0,1,3,1,3,0.8737921921383408
193,delicious,1,0,9,51,69,0.8722426346664697
907,beef,1,1,5,25,13,0.8716928695790724
762,glad,0,3,1,3,20,0.8704635135737478
1325,basil,0,1,0,3,2,0.8682677639210626
1587,not let,0,0,1,3,2,0.8669082380327454
1497,weather,0,0,1,3,2,0.8669082380327454
1838,lobster,1,1,0,6,3,0.8624307263440363
1601,june,2,0,0,1,4,0.861243023383983
1850,stain,0,1,0,1,4,0.8606767309238962
1114,never get,0,1,0,1,4,0.8606767309238962
1315,chill,0,1,0,1,4,0.8606767309238962
1893,hawaii,0,0,1,1,4,0.8603199668925062
1411,auto,0,0,1,1,4,0.8603199668925062
729,hold,10,1,0,3,7,0.8597535517440957
1643,stretch,0,2,3,0,4,0.8591188250006626
1705,vietnamese,2,0,2,0,3,0.8545642414654584
1043,ring,4,0,4,0,6,0.8545642414654584
1469,attitude,9,1,2,1,2,0.852144180788395
1438,range,0,1,2,8,2,0.8521193151440665
1393,bake,2,0,1,4,0,0.8499335338032458
1542,creep,0,6,1,5,5,0.8485251094960623
517,touch,1,1,1,9,3,0.8470366969979585
1929,cart,1,1,1,6,0,0.8464372904801918
875,hungry,2,0,5,7,2,0.8453177029444994
1394,overlay,2,1,2,0,0,0.8422327841934586
840,napkin,4,2,0,0,3,0.8419340670710721
1063,crutch,0,0,1,2,6,0.8418536813101938
781,grip,4,0,1,3,0,0.8415218809110565
773,toe,4,0,1,3,0,0.8415218809110565
988,coupon,3,0,3,1,2,0.8378625111752017
1102,king,1,0,3,3,2,0.8371189264428464
1535,stale,2,2,1,0,0,0.8358144573712304
1626,ti,2,2,1,0,0,0.8358144573712304
1124,presentation,0,1,5,4,4,0.8351394587785747
1834,meatball,0,1,2,1,1,0.8319909471359562
1007,drop,5,6,0,4,2,0.8298186969493884
1192,phoenix,1,0,1,3,11,0.8295784363508881
392,anyone,9,2,0,2,25,0.8282516789644817
102,stylish,1,3,0,1,7,0.8270518877922323
1786,ac,7,0,1,1,12,0.8268986215661615
1432,starbucks,4,2,1,0,0,0.8262451671235738
1856,tour,0,1,2,0,7,0.8251072569615588
1720,hata,1,0,1,0,4,0.8248037880657283
1033,gather,1,0,0,2,4,0.8241554380820443
1493,cooper,1,0,0,2,4,0.8241554380820443
395,appetizer,0,4,2,2,2,0.823903527238516
1378,replace,7,1,0,4,2,0.8238533057981753
1091,favorite,2,1,2,19,37,0.8234458902785387
1434,not for,1,3,4,1,1,0.823369623076512
1821,webster,2,0,0,1,3,0.819189705009861
1851,shroud,2,0,0,1,3,0.819189705009861
1489,repeat,2,0,0,1,3,0.819189705009861
569,longer,7,1,1,1,2,0.8180770623075589
488,freeze,2,3,8,3,3,0.8179946807368313
820,car,56,4,5,15,27,0.8173256365448563
250,boyfriend,6,0,1,1,5,0.8143809838361571
1289,answer,12,0,1,3,16,0.8143806504620857
1401,relative,1,0,2,1,2,0.8100210708830397
1927,ability,1,0,0,1,3,0.809808043967294
1914,massive,1,0,0,1,3,0.809808043967294
1664,fat,1,0,0,1,3,0.809808043967294
1496,sadly,1,0,0,1,3,0.809808043967294
1724,arizona,1,0,0,1,3,0.809808043967294
1339,callous,1,0,0,1,3,0.809808043967294
1296,john,1,0,0,1,3,0.809808043967294
1410,station,1,0,3,6,2,0.8094720836304629
1546,outdoor,1,0,3,6,2,0.8094720836304629
186,recommend,8,5,2,23,84,0.8068499617816915
1053,honey,3,0,1,6,1,0.8064251806575996
653,repair,7,2,0,1,19,0.8059581344453537
1892,indoor,0,1,2,4,0,0.8053249182825836
547,bottle,6,0,0,10,8,0.8046896388947168
1874,beach,0,2,0,2,4,0.8042755334454623
1203,event,0,3,0,3,6,0.8042755334454621
1528,sex,1,2,0,1,2,0.802963745003479
1888,costo,1,2,0,1,2,0.802963745003479
1640,concept,1,2,0,1,2,0.802963745003479
1905,draw,1,2,0,1,2,0.802963745003479
1672,example,1,2,0,1,2,0.802963745003479
1763,paper,2,0,2,1,1,0.8000880445584032
1869,chink,2,0,2,1,1,0.8000880445584032
1035,recommendation,0,1,0,4,6,0.7995064406624548
1509,enable,1,1,2,0,1,0.7993049102783673
1058,against,1,1,2,0,1,0.7993049102783673
226,she,135,20,8,22,75,0.7993024759656662
1385,share,0,0,5,10,8,0.7972153762196662
1392,combination,0,0,1,4,6,0.7971436174435298
1598,corner,2,0,1,7,3,0.7967822915260848
831,tonight,3,1,3,0,1,0.7964679034028715
787,design,2,0,0,3,7,0.7960153091462452
66,incredible,3,1,0,3,15,0.7932063813513868
1510,whip,1,0,2,2,1,0.7928307672426306
634,snack,0,0,1,4,5,0.7926996066421256
1312,forever,3,0,0,2,3,0.7920631944278889
1271,par,1,4,1,3,1,0.7915027704996942
1512,favourite,0,1,2,3,0,0.7910498857994092
1352,air,3,1,0,2,13,0.7890054934022769
1112,shirt,0,0,1,1,3,0.788057148442707
1028,temper,0,0,1,1,3,0.788057148442707
1387,mamma,0,0,1,1,3,0.788057148442707
1801,actual,0,0,1,1,3,0.788057148442707
1890,chop,0,0,2,5,4,0.7869561077421473
1660,toss,1,0,0,2,2,0.7869330798590813
1651,ak,1,0,0,2,2,0.7869330798590813
1177,no extra,1,0,0,2,2,0.7869330798590813
359,goodness,1,0,0,2,2,0.7869330798590813
1872,gorgeous,0,1,0,1,3,0.7866268596924598
1419,blame,3,1,1,0,0,0.7863870066597475
896,ounce,0,2,1,3,0,0.7860718139930557
1333,bucket,0,2,1,0,5,0.7840904523834361
1461,accompany,0,3,1,2,2,0.7826655295299141
732,sport,1,0,3,4,2,0.7825463908806387
487,dare,1,1,0,2,9,0.7814567663966139
1341,cake,16,19,4,5,5,0.7805643154141186
1453,travel,0,0,2,3,9,0.7791924649573825
1725,require,5,2,0,1,2,0.7743773544287571
1382,american,0,0,1,3,6,0.7725128661738314
1663,not my,1,2,0,4,1,0.7682477715914848
1061,thick,0,1,3,4,1,0.7665948395996567
482,bow,2,1,1,8,1,0.7664141476356907
925,rather,2,1,5,2,3,0.7656486951986616
1189,stock,2,4,0,3,3,0.764387630498816
1042,comb,0,1,2,11,7,0.7637231027959682
1654,directly,1,0,0,2,3,0.7599826138622419
1656,thumb,1,0,0,2,3,0.7599826138622419
1106,personal,4,0,0,5,12,0.7592206970307538
274,pain,14,2,1,4,5,0.7591056841156315
42,chain,0,1,1,0,5,0.7583895271189408
1878,absence,0,1,1,0,5,0.7583895271189408
1402,everyday,1,0,1,0,3,0.7566858041173792
1064,balance,1,0,1,0,3,0.7566858041173792
1201,present,1,1,0,0,3,0.755369574167386
1125,anna,1,1,0,0,3,0.755369574167386
1319,lay,0,1,0,2,5,0.7549344834252971
1171,fauces,0,1,0,2,5,0.7549344834252971
456,sunday,2,0,6,3,11,0.7545512665968886
1074,plain,2,0,2,3,0,0.7541419082032799
1030,aspect,0,0,1,2,5,0.7534088205841623
928,bomb,0,0,1,2,5,0.7534088205841623
542,beautifully,0,0,1,2,5,0.7534088205841623
1611,not remember,2,0,0,2,2,0.7531020464534023
912,crisp,2,1,2,14,6,0.7523035935716174
1606,starve,2,0,1,0,2,0.7522792046241589
1772,no matter,4,0,2,0,4,0.7522792046241589
1846,calm,2,1,0,0,2,0.7520064105246658
1832,reply,2,1,0,0,2,0.7520064105246658
826,discount,3,0,2,0,9,0.7520061646897126
1553,famous,0,1,0,3,3,0.7514303743535539
1317,bonus,0,0,1,3,3,0.7500785987513847
1076,flavorful,0,0,3,9,9,0.7500785987513847
1109,monday,0,0,1,3,3,0.7500785987513847
1123,impress,1,2,1,4,20,0.7472218987777803
699,judge,4,1,0,1,2,0.7469108214305923
774,specifically,4,1,0,1,2,0.7469108214305923
924,no idea,4,1,0,1,2,0.7469108214305923
32,belly,0,2,1,2,13,0.7423232583777506
806,skewer,0,1,1,3,0,0.7423184464403406
1260,rush,1,0,4,3,6,0.741502908669844
604,addition,2,0,0,3,6,0.7394076468192597
681,question,12,2,0,2,17,0.7375874364840751
1265,catch,0,0,2,3,8,0.7371569122712819
1502,remain,2,0,1,0,5,0.7362434594497571
1693,correctly,5,0,1,2,2,0.7358709247663866
598,assist,0,0,1,2,2,0.7324588995378792
1896,entertainment,0,0,1,2,2,0.7324588995378792
1903,wave,0,0,1,2,2,0.7324588995378792
1451,not beat,0,0,1,2,2,0.7324588995378792
1887,edge,0,0,1,2,2,0.7324588995378792
1573,sprout,0,0,1,2,2,0.7324588995378792
1066,quaint,0,0,1,2,2,0.7324588995378792
1336,sticky,1,2,0,3,1,0.7322593488609688
1895,barbecue,0,1,0,2,2,0.7316356825278403
209,pub,0,1,0,2,2,0.7316356825278403
1941,wide,0,1,0,2,2,0.7316356825278403
1149,outstanding,0,1,0,3,5,0.7304878515784826
1823,courteous,0,0,1,3,5,0.7286252477250985
1697,shake,5,2,0,2,1,0.7286028086027765
1679,hook,0,2,0,5,5,0.7279329375226652
639,search,0,0,4,6,8,0.7258604872031535
1481,copy,0,0,2,3,4,0.7258604872031535
910,juice,0,1,2,11,8,0.7256036222096559
1158,worker,9,2,0,2,6,0.7251124418340538
1490,true,0,2,0,3,4,0.7236738916958574
813,empty,4,1,7,2,6,0.7206532215674958
775,not tell,4,0,1,2,1,0.7150453314318662
1211,membership,1,4,2,2,1,0.7125303173667041
599,ingredient,1,3,0,3,3,0.7124978825558167
524,salmon,2,6,1,14,3,0.710936419500139
1297,d,3,0,0,5,7,0.7106689330738031
379,waiter,8,9,0,3,10,0.7082559823131327
1912,thursday,3,0,1,1,1,0.7064111921823418
1134,middle,1,1,1,10,7,0.7006369930836054
1266,correct,6,3,1,0,2,0.6986385397565825
578,detail,7,3,0,0,13,0.6983468823448432
407,date,1,0,3,10,7,0.6965829020582784
550,carpet,0,3,1,1,9,0.6960631537014091
754,basic,4,0,3,6,0,0.6950832381249026
906,corn,1,0,4,8,5,0.6934327146422551
1492,third,0,3,2,1,3,0.6917661405781139
1730,maintenance,1,0,2,1,3,0.6913441219102177
908,benedict,1,0,2,1,3,0.6913441219102177
618,warn,1,0,2,1,3,0.6913441219102177
391,not seem,2,6,3,1,4,0.6908988881588481
179,credit,4,0,3,1,3,0.6899169384289786
1240,not need,2,1,4,1,3,0.688395390547746
546,certainly,2,1,4,1,3,0.688395390547746
695,classic,0,0,1,2,4,0.6881567441480391
808,lack,6,9,5,2,1,0.6864643500571799
1516,enchilada,0,0,2,5,8,0.6863350806142449
1005,build,0,2,1,3,14,0.6862383087961921
1649,constantly,2,1,0,0,4,0.6836619996514051
623,eggplant,0,0,2,5,7,0.6829527562858247
1307,rep,2,0,1,0,4,0.6827160920882932
1281,odd,1,1,2,1,0,0.6822039362919765
1552,kitchen,4,0,0,4,8,0.6806196060788108
1794,describe,2,0,0,2,4,0.6806196060788108
198,dress,5,0,11,17,8,0.6795191591374766
1145,blue,2,3,0,1,5,0.6783117179294804
1494,summer,0,0,3,5,8,0.6772340573270391
194,caesar,0,2,4,6,1,0.6771006546768961
714,somewhere,6,4,0,2,3,0.6765149262740568
291,burn,7,6,1,3,1,0.6762271158688433
1010,cap,6,7,1,3,3,0.6759589079334379
792,ugh,3,2,2,0,0,0.675823299686016
1288,site,2,1,0,0,3,0.6756856781876808
72,message,2,1,0,0,3,0.6756856781876808
804,wont,2,1,0,0,3,0.6756856781876808
1309,act,5,4,1,0,3,0.6755443797311451
1355,peri,2,0,0,2,3,0.6748976758750947
783,stone,2,0,0,2,3,0.6748976758750947
1560,gray,1,2,3,1,1,0.6745585129810566
1749,not help,1,2,3,1,1,0.6745585129810566
835,brisker,1,0,3,7,4,0.6743337204256852
563,contact,9,1,1,2,5,0.6740190760521819
777,fee,3,2,0,0,6,0.6739019332698196
971,noble,0,3,4,2,3,0.6737827325329351
1175,tray,2,1,0,2,0,0.6721066730840514
891,chocolate,1,2,10,9,9,0.6690612076670519
856,hole,1,0,1,6,8,0.6680097091104044
1433,version,0,0,1,2,3,0.6678711357575802
1540,leftover,0,0,1,2,3,0.6678711357575802
1321,dump,0,0,1,2,3,0.6678711357575802
1881,not overlay,0,1,0,2,3,0.667819420883088
1580,chess,0,1,0,2,3,0.667819420883088
1094,break,17,2,5,3,4,0.66452639881109
1555,tomato,1,5,0,7,7,0.6630195475484494
1152,supply,2,1,0,6,3,0.6623558962245486
544,atmosphere,0,1,4,17,18,0.6606022719753518
1273,patient,4,1,0,2,12,0.6588743540820726
1513,lemon,0,3,3,3,1,0.658666826398072
503,realize,4,4,0,1,6,0.6562753927880585
219,tell,98,24,10,17,35,0.6555942691969182
809,kick,1,3,2,2,0,0.6522156554783745
1915,mustard,3,3,1,0,2,0.6512122880812998
289,usual,2,0,2,5,1,0.6501390930561092
79,strong,0,1,2,1,2,0.6497823636591566
1398,separate,0,2,4,2,4,0.6497823636591566
165,comfortable,1,0,6,7,11,0.6494338062346117
1934,orange,0,1,1,4,1,0.6488744505710712
688,city,2,2,0,7,18,0.6476236920675424
727,send,13,3,1,3,5,0.6469245867543661
313,easily,1,0,1,1,6,0.64602130061134
1450,variety,0,2,6,13,5,0.6446638138003609
1460,jar,0,2,1,1,2,0.6427452041246634
1377,microwave,0,2,1,1,2,0.6427452041246634
662,unfortunately,3,5,1,2,3,0.6417659574215934
1235,mary,4,2,6,2,2,0.6416698845112365
1572,v,2,0,3,2,3,0.6413680442596368
1569,fell,1,0,2,1,4,0.640322535141964
1098,daughter,8,2,0,3,4,0.6358376914884601
1170,various,1,1,0,4,2,0.6358017551861437
1068,savory,1,1,0,4,2,0.6358017551861437
1040,signature,0,2,2,1,2,0.6346602940413089
1032,personally,1,0,1,4,2,0.6342024866031379
713,theater,5,0,1,3,2,0.633908467759834
1455,fare,0,1,2,2,1,0.633874718408217
1676,brand,0,1,2,2,1,0.633874718408217
1439,cheaper,1,0,2,1,5,0.6335269245447053
1839,battery,4,1,0,1,3,0.6329386064504888
1883,lime,0,2,3,2,2,0.6313797346799596
841,refill,2,5,2,1,4,0.6300196976759667
316,not even,26,6,7,4,3,0.6266704759529563
937,prime,0,3,2,2,2,0.6266481615181358
904,pork,0,1,5,12,8,0.6262292265138251
705,not very,4,0,4,2,4,0.6252137476893064
234,appointment,28,8,4,2,12,0.6233133115156823
1478,wake,1,1,2,0,2,0.6229943066169059
881,tough,2,0,1,4,1,0.6218895013623188
208,her,67,11,7,8,52,0.6208720393084843
161,professional,17,2,2,2,26,0.6204995660476667
118,fun,0,3,6,26,18,0.6190922062879683
30,rock,1,0,3,3,11,0.6188465022856434
1404,themselves,1,0,2,2,2,0.6179349725299952
892,calomel,0,2,4,3,3,0.6171829595935401
1802,wattle,1,0,2,4,2,0.6166641795721379
1533,despite,5,0,1,5,2,0.6157013838718258
1766,impressive,0,1,2,4,1,0.6145574401306517
1595,banana,1,1,0,3,1,0.6136875023831426
1680,sweat,1,1,0,3,1,0.6136875023831426
422,increase,2,1,2,0,1,0.6133990046979261
576,coleslaw,1,0,1,3,1,0.6130335004656792
1220,risk,1,2,2,0,2,0.6106218666793222
258,explain,10,9,1,1,12,0.6089883704868098
1011,force,3,2,0,1,2,0.6058391173154438
1188,department,3,2,0,1,2,0.6058391173154438
84,perfect,2,2,5,17,45,0.6044217860224338
414,dessert,1,6,15,13,10,0.6042283976278077
894,rich,0,1,2,1,8,0.6030576704168914
1056,slice,0,6,3,7,3,0.5997336832358731
233,gentleman,2,1,0,2,9,0.5947749659709186
874,size,1,0,5,6,14,0.5940714562270122
797,scottsdale,1,3,0,4,4,0.5925655447022715
1841,pop,0,3,2,4,1,0.5918139920258025
388,wine,1,6,2,21,12,0.5896996080688468
1287,charlotte,1,1,1,0,7,0.5865115485829941
505,notice,14,3,1,5,5,0.5862004381283377
372,hobby,3,0,4,4,3,0.5861065569900871
950,sausage,0,3,4,10,2,0.5854422079332705
1405,cry,2,1,0,1,7,0.5845529437196103
1525,faites,2,1,0,1,7,0.5845529437196103
1034,current,2,1,0,1,7,0.5845529437196103
647,mexican,2,1,7,13,6,0.5841846794176843
1429,x,3,2,1,0,1,0.5841169684291072
862,country,2,2,0,4,1,0.5818580592784975
1067,quick,2,0,6,7,22,0.5808340254543508
876,box,2,2,0,8,5,0.5784883507252236
338,wrong,19,5,3,2,8,0.5780036354961686
936,penza,9,0,4,29,29,0.5762582543784617
502,min,10,1,3,1,6,0.574857203588333
1179,difficult,3,4,1,1,3,0.5744945331137263
901,cash,5,0,2,4,1,0.574292576800448
305,treat,14,3,1,2,12,0.5742195492767451
1780,kill,0,3,1,3,3,0.5712075071239872
551,reach,1,3,0,6,5,0.5695102026726678
633,not so,2,2,4,2,1,0.5650224580461086
1104,th,4,1,0,2,2,0.5646927007394188
674,upon,2,3,0,2,4,0.5633749109141439
298,already,10,4,0,2,9,0.5613549216473392
954,pad,3,0,2,9,5,0.5604853915518795
1027,not at,3,1,3,1,1,0.5573140241814498
587,not really,2,5,3,1,4,0.5554239572667563
1641,grm,1,1,5,3,8,0.553914121726368
1710,plastic,1,1,3,3,1,0.5535770416778256
256,woman,8,3,4,0,2,0.5520409290591896
1704,product,2,5,2,3,2,0.5517736348646136
480,morning,5,1,0,10,16,0.5510022702564861
1049,avocado,0,1,2,1,3,0.5500517587813688
1608,computer,3,1,1,0,1,0.5454519291221479
319,proceed,3,1,1,0,1,0.5454519291221479
1070,din,1,2,9,16,10,0.545013239705241
442,reasonable,0,1,4,12,19,0.5448832600759329
855,block,0,2,1,1,3,0.5440455134651031
1863,sun,0,2,1,1,3,0.5440455134651031
408,unless,5,3,1,2,0,0.5438272586285064
1803,omelet,6,0,3,1,7,0.5436403209937718
851,smoke,0,3,1,5,3,0.5431248596084461
707,anyway,11,2,2,4,2,0.5426357729068154
18,online,7,0,3,2,5,0.5421884168517129
1138,damn,3,0,1,2,1,0.5418070849030882
585,mine,3,0,1,1,7,0.541245070615102
1,bill,16,7,2,4,4,0.5408998416433911
328,fail,5,2,0,1,5,0.5406399118952249
890,compare,0,4,4,3,4,0.5396519979918099
1603,chilly,3,0,1,1,2,0.5383385889298679
1367,thin,0,2,3,2,3,0.5378684742431344
857,wall,0,2,1,8,7,0.5359067736211801
1723,english,1,0,1,4,3,0.5358523772347273
1524,environment,1,0,1,4,3,0.5358523772347273
566,cannot,5,3,0,1,6,0.535367875173489
321,expect,5,11,21,13,12,0.5349427407399177
579,story,3,5,2,1,4,0.5315826095975695
1301,no longer,3,0,1,3,1,0.5296068720379166
450,ball,1,2,4,2,3,0.528774981455821
1609,older,2,0,2,1,3,0.5278090434852567
885,call,54,8,9,7,42,0.5277411893924413
1227,perhaps,1,2,0,2,7,0.5269784779611186
409,not feel,2,0,2,5,2,0.5260757357582282
1652,w,2,0,3,2,5,0.5243515196695668
766,nodule,1,2,0,5,4,0.5235340030006937
1592,not satisfy,1,0,2,2,3,0.5219107536515616
228,fine,5,8,9,4,3,0.5168510402982239
996,kiss,3,3,1,14,7,0.5162185105044056
958,promise,5,0,1,2,5,0.5157962495282682
485,machine,12,0,5,14,4,0.5148697507413835
651,provide,7,0,2,3,16,0.5148212541298134
1668,not eat,3,2,0,3,1,0.5144747188115075
1409,gas,4,0,1,4,2,0.5142104741834953
1737,recent,1,3,1,2,2,0.5139552783627234
1826,whether,0,1,1,1,6,0.5135445495344032
65,relax,1,1,1,6,13,0.5122101817575009
157,friendly,3,4,15,38,87,0.5102946344301229
782,nail,9,0,6,2,19,0.5096132785361137
1083,locate,1,4,1,13,10,0.5093806164253162
1727,gold,2,3,2,0,3,0.509272894482079
570,sick,3,2,0,1,3,0.5089754446389089
1413,lesson,2,0,1,1,1,0.5080054422697086
1831,guarantee,2,0,1,1,1,0.5080054422697086
716,earlier,5,2,0,3,2,0.5072494423500428
998,degree,2,1,0,1,1,0.5071089696624967
573,bitter,2,1,0,1,1,0.5071089696624967
1530,record,2,1,0,1,1,0.5071089696624967
1018,diet,2,1,0,1,1,0.5071089696624967
1827,blast,0,1,2,1,4,0.5057750692118848
299,finally,15,4,2,2,9,0.5010862029755846
1932,reasonably,0,1,1,3,1,0.4997566478097377
645,strip,3,2,11,9,14,0.4993066951949581
1316,vice,0,1,4,4,9,0.4987515229355742
1701,baker,5,6,2,4,1,0.4983359584692006
1295,move,9,4,0,5,27,0.49502818962257983
630,thrill,0,2,1,1,5,0.49496850261197534
1221,whatever,4,2,5,2,2,0.49375025109824516
1115,club,2,3,1,8,23,0.49306870546260567
1118,post,4,2,1,1,15,0.49278351039548596
934,highlight,1,1,0,4,4,0.49246374793200187
883,cocktail,0,1,4,9,9,0.4923505332767759
333,life,11,1,1,5,9,0.4912332957032421
120,flat,3,1,0,1,6,0.4888351218372021
1517,unlike,0,1,2,2,2,0.4881160221158988
758,suck,6,1,3,2,1,0.48761618954539093
974,short,11,2,1,3,8,0.48682801400615056
1052,chipotle,2,1,3,2,1,0.4862908489770075
1750,scale,0,1,2,4,2,0.48560228556153145
1233,ah,1,1,0,4,5,0.4843928198060327
1258,appreciate,0,2,1,6,12,0.4842902978938479
474,giant,0,2,1,2,2,0.4825988336286971
858,entrance,0,2,1,2,2,0.4825988336286971
756,comfort,2,0,1,4,2,0.47993730295212533
1519,tortilla,1,0,2,2,4,0.47927131779972626
59,style,1,2,1,10,13,0.4785478540028948
760,rat,1,2,4,1,7,0.47735564557710636
77,minute,58,18,6,21,18,0.4768719951336271
176,sign,11,1,1,8,7,0.47678593783304385
1045,ratio,0,2,7,15,14,0.47554300840357266
286,state,7,0,4,4,4,0.4743434099999816
828,not that,3,1,4,4,1,0.4742836650581586
182,nothing,17,17,23,5,13,0.473697242471309
1504,watery,1,1,2,1,1,0.4732706105152699
1165,not enough,1,2,1,3,0,0.4725476639909181
1390,roll,1,1,2,10,11,0.4724543413095038
56,smooth,0,3,1,4,4,0.4722130908291898
559,easy,1,1,4,4,16,0.47197952407874955
1051,o,1,1,5,5,7,0.47017724475187833
341,not do,7,1,1,3,3,0.4688736618419163
836,mac,2,4,1,4,2,0.4677655918184148
1468,lose,6,4,1,1,4,0.46491692309814125
1232,guess,13,7,3,3,3,0.46376438179685425
1422,text,2,2,0,2,2,0.4637319758727046
1217,italian,0,5,3,8,4,0.4634169571961845
1904,movie,4,1,1,2,0,0.4633058399824112
799,ignore,4,1,1,2,0,0.4633058399824112
1062,matter,3,0,1,4,2,0.4618489458002854
917,forget,8,4,0,4,5,0.46002877701874706
600,enjoy,2,3,9,31,30,0.4596201812320147
1853,ride,1,0,1,2,1,0.45937629067891267
1285,daytime,1,0,1,2,1,0.45937629067891267
1133,popcorn,1,0,1,2,1,0.45937629067891267
80,finger,1,0,1,2,1,0.45937629067891267
666,shock,3,1,0,1,3,0.45921006099057204
1103,dont,3,0,2,1,4,0.459019557929315
918,towards,3,0,2,1,4,0.459019557929315
830,meet,9,2,2,2,23,0.4586434022309732
812,attach,1,1,0,2,1,0.45804623350400153
1532,not all,1,1,0,2,1,0.45804623350400153
1421,iting,1,1,0,2,1,0.45804623350400153
1876,approach,1,1,0,2,1,0.45804623350400153
154,office,19,6,2,2,18,0.45724026303765575
1547,egg,3,1,9,15,13,0.4560331076380526
1625,asia,3,0,2,7,4,0.4555503751833524
1181,prior,3,2,1,0,2,0.45391782579087686
1852,plant,0,1,2,3,2,0.45239038021240285
670,customer,52,12,10,5,37,0.4522499455258898
221,male,3,1,0,1,5,0.45039858344035
746,complain,6,1,1,1,10,0.4491731544770558
1176,not believe,3,0,1,1,5,0.44913408892993756
537,no problem,3,0,1,1,5,0.44913408892993756
1602,teach,3,0,1,1,5,0.44913408892993756
1359,polite,3,0,1,1,5,0.44913408892993756
677,behind,9,1,5,3,4,0.4487216171609446
1436,opinion,1,3,3,1,4,0.4478422829265885
1219,expectation,0,3,2,3,3,0.4477707841593532
780,phone,13,3,2,1,16,0.4475548089526495
22,!,231,48,51,277,916,0.4475454299627847
994,situation,5,3,1,0,5,0.4462955810103501
690,read,11,2,1,6,5,0.4458764325194979
334,grow,3,5,2,1,6,0.4431713721278711
740,luck,6,2,1,0,9,0.4430029082279441
991,mostly,3,1,4,3,2,0.44219703320443854
1085,st,1,0,2,4,7,0.439650166421576
1302,apparently,5,4,2,1,2,0.4374883827275508
784,massage,6,1,3,0,12,0.4369507931989546
789,bunch,1,0,2,3,4,0.4368853797691883
983,funny,2,1,1,0,7,0.43641056372165116
1431,figure,7,6,3,1,4,0.43591755817780287
360,sea,1,0,2,4,5,0.43389794086700495
1282,mix,2,2,0,7,8,0.43339222132708355
952,texture,1,2,4,6,2,0.42996996736416215
1515,bottom,1,2,1,6,2,0.4296302895452334
431,coronet,1,3,1,2,3,0.4293206346878975
597,helpful,0,3,4,15,24,0.42885538408591
1292,initially,1,0,1,1,4,0.42767290532303026
738,downstairs,1,0,1,1,4,0.42767290532303026
672,band,1,0,1,1,4,0.42767290532303026
188,energy,1,0,1,1,4,0.42767290532303026
425,witness,2,9,5,8,6,0.42610812823197214
155,together,1,2,1,2,11,0.42452456214783063
1708,tax,4,1,0,2,4,0.42373816729750635
428,red,4,1,9,15,12,0.4232271655470575
438,bowl,6,4,11,7,7,0.4223749009747064
1477,not expect,1,0,2,3,5,0.42155370192094976
1178,disappointment,2,0,1,2,1,0.4210148912315892
251,occasion,2,0,1,2,1,0.4210148912315892
1600,lazy,2,0,1,2,1,0.4210148912315892
1531,insult,2,1,0,2,1,0.4209386057591461
717,improve,2,1,0,2,1,0.4209386057591461
262,admit,5,0,1,5,5,0.4192036228534656
490,hand,13,2,1,5,14,0.4187982327777346
920,suppose,7,1,2,2,3,0.41873577328345596
832,not come,7,1,2,2,3,0.41873577328345596
470,not worth,3,3,2,2,0,0.4182505820370194
1854,creamy,0,1,1,4,3,0.41771095470495584
678,obviously,2,1,0,1,5,0.4168288622609535
1425,schedule,9,5,1,1,18,0.4150787378526997
387,pack,1,7,4,12,5,0.4146877194591078
105,extremely,13,3,3,1,24,0.41456746128073085
148,single,6,3,0,2,8,0.4132169304105257
39,great,20,23,26,122,249,0.4115263308999198
1596,butter,3,6,1,6,6,0.4114160113245945
1071,vegetable,0,3,2,5,3,0.4092747553147169
1161,peak,0,1,1,2,1,0.4091123245327331
1506,strange,5,3,2,2,0,0.4064132683479871
1324,football,0,1,2,2,3,0.40616596083521056
296,attention,3,4,1,1,7,0.4061228688436157
1187,previous,4,1,0,2,5,0.4059538340996547
342,job,11,3,1,11,35,0.4056574341515279
1082,window,5,3,0,3,4,0.40542266906966595
153,say,127,30,20,37,61,0.40390517720276353
170,purchase,12,3,1,3,12,0.4028441144803106
1464,real,4,1,2,3,17,0.4028055866150469
671,drive,22,4,4,5,15,0.4027858752914216
1065,prompt,1,0,1,2,5,0.40240259029784314
49,level,1,2,2,2,13,0.40188020886771314
1692,clear,2,1,3,7,2,0.40159633316295573
1870,raspberry,0,2,1,2,3,0.40137440111744227
1618,easier,0,2,1,2,3,0.40137440111744227
1357,carry,0,2,6,10,13,0.40019652649771853
1143,haired,3,0,1,3,2,0.4001544706888244
371,chef,0,3,3,3,14,0.39983936701772343
375,hear,2,7,1,9,13,0.3996902629164462
1614,generous,2,0,1,4,3,0.39825945729653217
1556,shoe,1,1,1,6,4,0.3977131006742586
543,prepare,3,3,1,14,15,0.39730346624921337
702,small,7,7,25,29,27,0.3964577358997932
1195,four,5,5,0,5,7,0.3961766197706033
468,change,16,7,2,2,15,0.395607578888709
1252,anymore,5,3,3,2,0,0.3937889543289215
819,efficient,1,1,0,3,3,0.39349029882830217
1407,shift,1,1,0,3,3,0.39349029882830217
1687,lead,1,1,0,3,3,0.39349029882830217
803,trust,5,0,1,5,6,0.3934485011198825
1366,mon,1,0,1,3,3,0.392902456484846
308,issue,15,7,0,8,12,0.3916560149778143
110,help,13,3,1,15,38,0.39151850025693047
592,owner,18,9,2,2,28,0.3898306493604582
178,care,10,9,3,2,35,0.38961288677699324
1000,view,1,2,4,2,6,0.388492484182463
1646,important,5,0,2,2,8,0.3854265043632863
686,stand,8,9,6,3,5,0.3848431931758937
1080,chat,2,2,0,2,3,0.3841526076154009
1014,cross,2,2,0,2,3,0.3841526076154009
1088,interest,0,4,5,13,8,0.38414800998300863
1222,mystery,1,1,0,3,4,0.38404072730233957
745,p,1,0,1,3,4,0.3832234728168418
420,chinese,2,1,6,7,10,0.3817112819774035
1253,pour,3,0,1,4,3,0.3811047590717979
1150,dry,6,10,3,9,6,0.3809875448208292
1539,container,4,2,4,4,0,0.38098549687129984
538,cool,3,1,8,9,18,0.37977608784023104
1194,wife,7,8,1,4,14,0.3795105232731767
943,grab,2,0,2,4,3,0.379149799146312
794,anywhere,7,2,1,1,7,0.37796901951836603
953,soft,0,2,3,6,4,0.37738007894073944
458,no one,7,2,4,2,2,0.37714738719983254
593,downtown,2,0,3,6,9,0.37700486854078036
624,vegetarian,0,2,1,5,5,0.37527133878231544
1793,sort,2,4,5,4,3,0.3742001065119301
1329,not sure,4,3,7,3,7,0.3738438967908159
1677,not great,2,1,2,4,0,0.37189766391929735
31,new,28,16,0,12,42,0.3717464161406434
1155,not like,4,2,1,7,1,0.3712177989699201
1527,venue,4,1,0,3,4,0.37111538937559513
385,slow,7,2,7,4,5,0.371084880631174
1416,fall,2,0,1,1,2,0.3708016828006912
1788,young,2,0,1,1,2,0.3708016828006912
1918,coast,2,0,1,1,2,0.3708016828006912
1879,consistent,2,0,1,1,2,0.3708016828006912
1021,ll,2,1,6,7,11,0.37051253467954837
1522,shame,2,1,0,1,2,0.3701140066711496
366,not say,4,0,2,5,3,0.36980548409958525
1286,rental,5,0,2,6,4,0.36869228611938604
451,wing,1,2,7,8,17,0.368097815149327
749,sale,1,1,3,3,3,0.36710929167619716
1911,not in,0,1,1,3,2,0.3668254752944273
1543,baffle,0,1,1,3,2,0.3668254752944273
1246,hopefully,1,1,2,4,1,0.36631920208756785
1130,milk,3,2,0,2,8,0.36552295293870357
523,potato,2,7,13,12,15,0.36412887138823213
933,section,2,2,1,8,4,0.3640807658895038
1463,french,4,0,1,5,6,0.36357993238958947
104,along,2,1,2,1,10,0.3632054804090682
1544,tree,0,1,2,5,6,0.36204335828309014
1349,file,4,1,0,4,8,0.3619609104806579
1214,doctor,2,1,0,2,6,0.36141035134184724
997,hang,2,1,0,2,6,0.36141035134184724
101,team,4,0,1,4,8,0.3605927485886019
1029,ready,5,4,1,1,13,0.36048773481157537
535,entree,1,4,3,4,3,0.36022836041800244
1753,term,2,0,1,3,2,0.3598606974928789
1728,ten,2,0,1,3,2,0.3598606974928789
1910,road,2,0,1,3,2,0.3598606974928789
772,candle,2,1,0,1,4,0.3583325293495453
327,wo,19,6,9,3,8,0.3576823536503779
1174,greasy,3,1,3,6,1,0.3575193565658648
1844,ensure,1,0,1,1,3,0.35711760122627234
1666,former,1,0,1,1,3,0.35711760122627234
247,ask,74,31,13,25,27,0.3564328568813177
400,bland,5,5,6,5,1,0.3560041018126042
753,satisfy,2,1,3,3,14,0.3558675051419789
1928,vanilla,1,1,0,1,3,0.3556978259469382
353,special,6,12,19,17,14,0.3550490198056611
765,wrap,1,1,3,3,11,0.3545090468705614
1239,additional,3,1,0,2,6,0.35440478789544716
602,mummy,0,3,4,12,11,0.3526217655247061
1375,broccoli,3,1,2,1,1,0.3512647760620946
1212,smile,2,1,1,5,12,0.35118594779758133
454,fresh,1,5,12,27,44,0.35107346693485725
613,sweet,1,4,10,16,16,0.3506648470744012
743,beer,1,8,5,20,13,0.3506473968229079
625,party,4,10,2,9,17,0.35063292571871907
1709,possible,1,2,3,1,8,0.35055230556487366
1743,million,1,0,1,1,2,0.3499404785422433
1586,desire,1,0,1,1,2,0.3499404785422433
220,particular,4,1,0,3,5,0.34982437724452353
1590,deserve,1,1,2,1,2,0.34932823352082865
401,house,4,2,7,14,36,0.3491036651396602
900,standard,1,2,2,9,6,0.34898568931169915
930,breakfast,4,2,12,20,27,0.34764687372820696
846,okay,5,6,8,8,2,0.3474153041697531
1004,material,1,1,0,1,2,0.34725415098214124
1594,private,1,1,0,1,2,0.34725415098214124
1808,insane,1,1,0,1,2,0.34725415098214124
736,recently,4,0,2,4,3,0.3471782267965569
1017,positive,1,3,1,2,8,0.3470047025137436
949,during,2,2,8,10,14,0.34681830221261095
204,pretty,15,17,33,60,18,0.34655097061482515
1501,complimentary,0,1,1,1,2,0.3453430913786021
534,not mind,0,1,1,1,2,0.3453430913786021
1534,margarita,1,1,2,2,1,0.3449942949381702
722,alcohol,1,1,2,2,1,0.3449942949381702
1126,him,35,9,6,6,33,0.34482684244463574
1204,idea,2,1,1,3,11,0.34327974396087513
940,general,2,2,1,3,0,0.3428186028314641
1157,not take,8,2,3,1,5,0.3426204887579129
1206,hide,3,0,1,3,7,0.3422173805723626
755,request,7,2,1,3,3,0.342167425191153
14,charge,24,6,7,6,10,0.3416465629358404
591,high,2,8,10,7,14,0.34157535976140035
1368,crust,1,1,2,5,2,0.3415657667301328
266,leave,50,7,16,21,21,0.34140709363317784
1208,cheap,5,3,7,5,4,0.3384772986580843
1277,facility,0,1,2,4,7,0.3382293884582042
1686,create,1,1,0,2,4,0.3371384166064504
866,comment,1,1,0,2,4,0.3371384166064504
1689,settle,1,0,1,2,4,0.3369709246081389
434,crazy,1,3,2,2,12,0.3368203671230574
1185,yesterday,3,1,0,2,3,0.33678205424131746
449,fish,3,1,6,14,21,0.33660192560444363
1466,plenty,0,4,3,5,6,0.33648991351162044
721,include,7,0,3,12,13,0.33616076151408947
1748,soak,3,0,1,2,3,0.3359323875810364
1129,fruit,0,3,2,6,5,0.33506862049526315
1742,wipe,2,1,1,1,0,0.33504520618650013
86,pressure,2,0,1,1,3,0.33478011655844303
1589,california,2,1,0,1,3,0.3345615901739284
656,clean,6,3,11,15,48,0.3343706093741068
1811,vacation,3,1,2,0,4,0.3340071929968147
504,everyone,9,9,0,10,26,0.33391011837180545
284,mouth,2,1,0,3,6,0.33307165347016987
734,patron,5,1,1,1,5,0.3329791982395178
249,ok,15,10,20,15,9,0.3317238684493057
1483,nearby,1,0,1,2,2,0.331681589124649
793,not care,4,1,1,1,2,0.3312109921704248
1931,produce,1,1,0,2,2,0.33067893798606834
978,weird,1,2,2,7,3,0.3295009159387402
421,selection,1,3,8,15,17,0.3294322977885472
761,yelp,2,2,2,6,18,0.3293820719753185
1213,town,0,6,6,7,24,0.328745154696611
1037,thankful,0,2,1,3,4,0.3286439018293105
121,he,138,40,10,48,160,0.3278313276962548
1406,burri,2,2,0,3,7,0.32553690367329235
404,plan,4,1,1,9,11,0.32538906014967645
868,burgher,4,16,18,11,33,0.3245731031734482
197,absolutely,5,5,1,2,11,0.3244900829165529
854,smell,3,3,2,8,1,0.32441762188242107
267,away,26,2,8,14,16,0.32425634108958473
34,salon,3,5,1,4,15,0.32425208203454525
1715,grand,0,2,1,3,6,0.3238768646572757
833,mind,5,11,5,8,10,0.32358173648660105
1328,cell,3,1,0,2,5,0.323547564629111
1566,waste,7,5,2,3,3,0.32332112847801026
125,me,213,48,34,64,160,0.323033626709034
1830,budget,3,0,1,2,5,0.3224795486699039
825,low,5,4,2,0,9,0.32216626712302604
1777,somebody,3,1,1,3,0,0.32206474070017904
1395,not just,3,1,2,0,6,0.3216625191361817
1268,condition,3,1,0,4,5,0.32094540095192536
53,his,17,12,5,17,78,0.31988653513111487
6,?,90,53,17,32,51,0.3186465098392388
500,friday,1,4,1,6,10,0.3183318090372461
132,note,3,6,6,5,5,0.3174087420241298
829,honestly,4,3,6,4,4,0.31717079673772286
584,receive,16,10,3,4,14,0.316731755275569
1371,wed,3,1,1,0,4,0.3164581473665519
498,remember,0,4,5,13,12,0.31607881950942235
332,step,3,3,1,1,4,0.3154627565020209
283,light,5,1,2,12,16,0.3154587636326128
1257,plate,8,1,11,13,18,0.315012623511944
246,original,4,1,3,1,4,0.3146900219943403
1304,fly,3,1,0,2,4,0.31433001397371857
229,please,12,2,2,5,21,0.314018050257145
995,manage,1,1,2,2,9,0.31373517314408117
796,not want,13,7,2,9,4,0.31339431193113704
703,soup,7,1,8,21,19,0.31327558507139946
960,alone,2,3,1,3,2,0.3127974185021249
405,loud,2,3,1,5,2,0.3117085154867702
735,allow,4,2,1,1,2,0.31167634740094136
276,watch,21,4,6,9,8,0.311601437414318
959,body,3,1,0,3,6,0.3112910140988792
1084,center,3,1,0,3,6,0.3112910140988792
399,bite,8,10,17,57,42,0.31022489254638097
1154,honest,1,2,2,2,11,0.31008552124606514
742,soda,5,1,3,5,1,0.3094913187209672
815,hope,4,7,5,4,6,0.3075744187350317
580,serf,5,2,4,15,7,0.3072833975670398
916,buffet,8,7,12,7,9,0.3070144308816671
479,saturday,0,5,3,11,16,0.3062081373541746
1386,guacamole,0,1,1,3,3,0.30576961402070263
270,should,31,18,8,12,12,0.3054434284934321
1191,possibly,1,0,1,2,3,0.3051475454976628
870,child,6,1,2,9,4,0.30499013280651716
1871,not i,1,1,0,2,3,0.3047087629293791
1754,strawberry,1,1,0,2,3,0.3047087629293791
635,limit,3,1,4,2,9,0.3023103415451661
715,line,24,18,4,16,15,0.30128050498668013
1093,lady,13,2,9,8,8,0.30114050727190994
879,fairly,2,3,3,6,1,0.30071277953313974
355,overprice,4,3,2,2,1,0.30001595322608193
571,disappoint,16,12,13,5,10,0.2996497516648193
435,literally,7,5,1,3,7,0.2991318440901382
1809,age,2,0,1,2,2,0.29814499863509963
915,chip,0,6,6,11,11,0.2978850291432545
614,class,2,2,1,4,13,0.297860892671216
1414,learn,2,0,1,3,3,0.29769543754536654
1756,flight,2,1,1,0,2,0.29768649540226694
1472,god,2,1,1,0,2,0.29768649540226694
981,quite,4,9,5,22,11,0.2969647138776289
947,stuff,4,7,1,14,20,0.2968008383691857
769,definitely,8,8,16,52,75,0.2961388971090394
472,money,17,8,4,4,10,0.2955491420892087
608,huge,3,3,6,20,20,0.2949521836560809
1078,employee,16,4,4,5,8,0.2944726709627086
1224,prefer,0,1,1,3,4,0.2924226872427103
365,portion,4,2,5,18,20,0.291285869421335
805,weekend,2,2,2,10,15,0.29042040582880835
903,joint,0,3,4,5,12,0.29013593269549803
301,put,26,12,6,9,11,0.28984430925706905
1278,neat,0,1,1,2,2,0.2881373553563704
1773,no complaint,0,1,1,2,2,0.2881373553563704
944,white,3,4,2,13,8,0.2870030432480017
339,not make,5,4,2,4,1,0.2867851494340814
347,group,12,7,3,29,17,0.2865873500035702
864,music,0,3,4,7,15,0.2865656599320528
989,space,4,1,7,10,14,0.2865078413457675
1223,throw,3,2,2,0,4,0.28601861693877767
847,decent,2,7,7,12,7,0.28444265234492994
1135,sum,1,5,2,9,10,0.28434370476272497
96,best,13,12,22,33,115,0.2842838805852217
1761,normal,1,1,2,1,3,0.28412202097412254
919,cold,13,7,1,11,8,0.2839531116379216
213,today,19,5,4,4,30,0.2834324368796175
311,under,6,5,3,2,4,0.28343238255335995
507,not a,9,18,12,16,13,0.2832265537419164
1473,turkey,1,3,1,3,5,0.2822246917820138
374,love,10,18,20,52,132,0.2820567832825637
1567,notch,1,2,1,1,3,0.2791239169360654
467,write,11,4,6,3,5,0.2782550771322299
508,oh,12,4,1,5,19,0.27809855727406174
767,overall,2,7,11,24,19,0.27778833277178183
1039,typical,1,1,3,5,5,0.2776318129153488
109,talk,23,10,2,10,20,0.276651696464066
99,ever,24,4,4,14,45,0.2763631489343979
975,etc,6,5,0,9,15,0.27399461320593815
1105,hit,2,2,1,8,10,0.2734039491874811
1613,crack,4,2,0,3,6,0.27331183124445907
964,dirty,4,2,2,3,0,0.2731127980524012
236,who,57,12,8,22,67,0.27261394921419063
1015,mention,5,4,0,6,11,0.27161626257727195
616,main,4,3,8,9,8,0.27130092908213155
1041,spice,4,3,10,17,17,0.27026355494866866
499,early,1,1,3,6,7,0.2701388697062014
1144,tear,2,3,3,1,6,0.27000405207517286
1799,world,1,1,1,4,8,0.2682989232075373
439,probably,10,12,12,11,7,0.2667078192700075
192,sandwich,22,4,4,27,20,0.2664702307498184
610,live,3,2,5,15,19,0.2664124549461712
1741,rate,3,6,5,4,7,0.26630188185487824
539,wonder,3,2,2,3,0,0.26541627389067196
575,crave,3,1,5,6,8,0.2649764483213361
1334,buck,0,1,1,2,4,0.26489869403244853
1019,exercise,0,1,1,2,4,0.26489869403244853
23,avoid,8,2,2,2,6,0.2645946692206922
1089,become,1,1,2,1,5,0.2645093052372185
628,except,2,4,3,4,3,0.2640895587105023
1310,understand,10,2,3,2,13,0.2637518131025118
1505,worry,2,1,1,0,4,0.2635113105652289
938,rib,2,4,3,8,3,0.26311540810851713
495,m,2,1,0,2,4,0.26257000400432395
798,bartender,2,1,2,1,8,0.2619235476415897
667,negative,3,2,2,0,7,0.2613951053863185
888,opportunity,1,2,1,1,5,0.26090047429273855
427,taste,13,18,21,59,24,0.2608167782093708
1254,cup,4,4,4,2,4,0.2606917160606663
1055,not too,2,2,6,9,11,0.2588819946284547
586,almost,14,2,10,7,16,0.2584200998497449
294,chair,3,5,2,7,4,0.25821010541540507
518,salt,2,4,4,7,3,0.2576799936940244
465,quality,8,13,3,11,28,0.256600371933665
1884,color,2,1,1,0,3,0.25528648664570075
748,security,3,2,2,0,6,0.25514512993908917
970,c,2,1,0,2,3,0.2551079795153381
553,soon,10,3,1,7,21,0.25509480950000935
29,hard,2,6,2,10,12,0.25442596450245253
1585,heart,1,1,1,1,6,0.25376652018843177
1767,haircut,3,1,2,1,2,0.252505726893187
364,season,1,2,3,2,8,0.25071160680840554
1619,exceptional,0,1,1,2,3,0.25067774980326324
770,month,23,5,7,6,18,0.250324837171244
446,expensive,7,1,6,6,8,0.24974102855965782
336,business,17,9,2,6,25,0.24937538095781012
1132,coffee,4,11,4,11,20,0.2492516210830097
1116,toast,2,2,1,7,5,0.24775348909290307
243,turn,10,4,2,3,7,0.2476676930215324
1241,double,4,3,3,2,2,0.24764344814425235
718,hour,42,12,10,14,25,0.24642292750245953
612,drill,2,6,5,16,11,0.24586836389118202
889,truly,1,2,2,3,11,0.24514424667626367
751,myself,9,2,3,2,15,0.24450329077271896
568,duck,3,4,3,3,3,0.24268125360321235
411,side,6,18,24,34,31,0.24249802669465934
37,fan,3,3,3,14,12,0.24187399315749433
1107,attentive,2,3,2,6,17,0.2417463889093667
999,alliance,1,3,2,7,5,0.24149495947148608
27,cost,12,5,1,6,12,0.24122053514131567
1380,five,3,5,3,2,10,0.2410603773282408
525,beautiful,6,1,1,7,11,0.24023521262053948
931,spot,6,3,8,23,21,0.23964466095997958
1060,onion,11,2,7,7,7,0.23956588430639794
979,pull,8,4,1,3,9,0.23857163554440772
532,appetite,1,3,3,9,7,0.23782321505511025
1160,listen,2,1,1,1,7,0.23545694008560025
816,why,18,15,4,10,21,0.23472051769917945
455,surprise,4,1,5,10,18,0.2346449083558046
382,desert,2,4,4,14,11,0.23427510687967237
839,not see,4,2,2,2,1,0.2341539987093568
445,though,13,10,21,19,20,0.23347728019947978
522,wash,3,2,1,8,6,0.23326604648167595
368,dish,4,11,15,35,29,0.23270496579163366
314,let,21,11,3,8,22,0.231663297805757
17,check,30,20,6,11,35,0.23118086826844317
207,happy,10,7,3,21,44,0.230473750366684
1768,ticket,1,2,1,5,4,0.23011888216376483
309,totally,5,1,2,3,13,0.22928375281684277
893,brown,8,1,4,6,5,0.22923429228719477
288,instead,15,4,4,6,8,0.2285461573257557
1121,blow,2,3,1,2,6,0.2256770467404733
489,game,6,1,5,10,7,0.22528586254575717
1020,yeah,5,2,1,5,2,0.22473857588883533
55,green,2,7,8,16,13,0.2247029200771459
1417,within,4,1,1,1,5,0.2246040392896885
310,agree,6,2,2,2,3,0.22354184191537688
1228,bed,4,1,1,2,2,0.22304914686822502
709,favor,3,3,7,16,19,0.2229820706699791
199,across,5,2,5,2,11,0.22284794654068787
744,sell,7,6,1,5,14,0.2225861781577085
1111,t,1,1,1,3,1,0.22183461131059193
402,reservation,8,2,7,6,8,0.22172329523033413
242,wait,71,25,22,27,32,0.22136988256967657
791,dollar,5,1,1,2,6,0.22106979455647374
471,spend,14,4,2,8,10,0.22070464089692302
1456,quickly,2,1,2,1,7,0.22033673214379287
1022,reason,5,6,8,9,6,0.21955979909523257
704,water,25,8,5,8,21,0.21942525443012675
1320,sound,2,2,2,8,5,0.21917207615809245
297,enter,3,1,3,2,4,0.21872832125103386
235,person,11,12,6,5,18,0.21846412560010994
1323,lock,2,2,1,1,7,0.21826544796814396
1095,son,2,5,2,5,10,0.2176390968578861
1607,hop,2,2,1,3,1,0.2175338477683167
88,then,52,15,10,21,38,0.21742958346469762
61,hair,9,5,5,1,21,0.21716467666961506
1207,mall,1,2,3,5,4,0.21679730691411228
652,able,4,2,2,11,15,0.2162669598946674
514,star,16,28,11,31,33,0.2147608247384824
659,stop,7,7,15,12,27,0.2133427777740925
478,walk,41,15,9,14,29,0.21293883637009695
35,always,20,9,13,35,94,0.2117095308167791
412,available,7,2,6,7,5,0.2116611554197608
976,immediately,2,1,2,2,9,0.2095490628951683
426,tea,4,8,3,17,20,0.20896276346584414
129,girl,20,4,4,12,15,0.2075719510988164
501,bar,7,13,14,34,20,0.20754973686464062
581,least,7,5,6,11,2,0.20707759587304697
739,maybe,7,8,9,11,6,0.2066342671158948
558,everything,13,8,11,20,69,0.20659838764604907
344,la,5,4,5,20,18,0.20628898132784157
423,might,3,3,5,3,8,0.20555286894309321
394,fry,4,2,5,13,21,0.20486031236228275
1108,may,8,3,10,12,12,0.20458267570560065
708,yourself,3,3,1,2,9,0.20375152961527268
264,rest,11,6,3,4,8,0.20119770682983054
174,work,30,15,12,18,97,0.20104665421786877
190,lunch,8,5,6,26,36,0.2001808683726991
560,book,4,3,5,2,11,0.20015071972393084
605,fast,6,2,3,12,22,0.1996147709515309
357,past,4,9,5,7,17,0.19905850245403223
627,choose,10,2,5,7,27,0.19903636336403754
494,s,7,1,3,11,10,0.1987892840121247
318,mean,6,7,9,6,12,0.19859824636312837
1031,store,31,15,5,26,18,0.19832828082368942
668,usually,6,2,3,14,18,0.1982859292937228
1593,not the,10,7,8,11,3,0.19682851399280196
389,large,5,6,7,25,24,0.19674653776232695
837,cheese,12,9,9,37,22,0.1944713377202098
540,sometimes,2,2,3,2,4,0.1941005141445388
45,however,7,14,9,17,15,0.1940708721068047
1691,not think,1,1,1,4,6,0.19348703279388055
354,seem,8,10,14,22,13,0.19333112170237535
621,night,9,8,8,34,48,0.19297039197664437
993,area,5,8,11,31,38,0.19159816155233117
1186,number,8,3,3,4,3,0.19157065292624156
1412,screen,3,1,1,3,1,0.19092051986592695
1384,raise,3,1,1,3,1,0.19092051986592695
175,plus,2,6,3,8,12,0.1900283707598164
484,play,2,4,4,12,10,0.189603008603599
1168,bacon,2,2,3,9,8,0.18847234791526737
1180,week,16,2,7,8,25,0.1877297659940394
348,friend,9,22,10,25,55,0.18759398190910173
134,happen,12,6,8,5,8,0.1874668884929015
646,meat,8,15,13,25,16,0.18720056221408773
202,drink,8,20,21,55,50,0.18705218893919984
565,trip,2,3,6,9,15,0.18689714920416522
142,better,14,23,24,22,35,0.1861545326619365
548,pp,1,1,2,2,3,0.1856780016879433
1044,smaller,1,1,2,2,3,0.1856780016879433
239,arrive,12,8,5,7,6,0.18464637024345606
650,face,7,3,9,21,24,0.1845991802476648
33,garden,3,1,1,1,2,0.18224064350963579
932,family,6,11,6,8,21,0.18122012180484204
349,suggest,7,3,1,6,5,0.18106008621018527
516,sauce,8,10,14,36,28,0.17739922814816642
530,pleasant,1,2,3,6,10,0.17737204553095412
962,often,5,2,5,11,7,0.17708534738698628
380,super,7,4,12,16,30,0.1762318152325195
166,not have,10,17,14,18,20,0.17586376221695613
448,item,8,2,6,17,26,0.17566030247103867
757,mess,4,2,3,1,6,0.1754871712829576
238,couple,11,9,10,5,15,0.1749941850902538
788,board,1,1,1,1,5,0.17425692161801126
1443,not find,1,1,2,4,4,0.17388886714430693
843,tip,5,3,4,7,2,0.17176255346428324
663,not to,5,2,3,1,8,0.17167181401580286
268,set,2,6,4,9,11,0.17027046857259379
351,dinner,5,14,12,29,28,0.1700472157052583
131,worth,4,4,8,16,26,0.16914513800354655
245,after,68,32,15,32,51,0.16903150104278925
330,continue,3,3,1,3,10,0.16889176909736672
147,every,13,8,5,17,50,0.16828130619232945
195,salad,9,8,16,26,23,0.16679931882530155
398,big,13,8,12,32,16,0.16575823616813107
81,good,44,55,87,193,174,0.16568851866601095
620,not know,10,7,5,5,7,0.1654364428876449
572,never be,4,2,1,3,2,0.16476041406665354
281,others,4,4,1,4,8,0.1646183383388099
1418,eye,4,4,2,2,8,0.16426717865267818
859,update,5,2,2,1,6,0.16405528866844424
1577,bag,2,2,1,6,6,0.16405054687065018
1255,similar,1,1,2,2,4,0.16376638588327042
1579,sugar,2,1,1,4,2,0.163047832235629
1807,comparable,1,1,1,1,1,0.1630412699187381
1440,clothe,3,1,1,4,2,0.16292675646581045
373,crab,2,3,5,10,13,0.16257426369396888
367,enough,7,6,7,25,21,0.1624392209004913
899,cream,7,5,8,16,8,0.1615979436742615
216,pay,37,16,13,21,16,0.16131717065959056
513,such,13,12,3,26,30,0.1612460930538748
1318,interior,1,1,2,4,5,0.16047468004074325
669,someone,14,8,3,10,10,0.1599954388717203
363,cook,8,14,8,22,18,0.15978380893389696
406,not go,12,6,5,4,9,0.1592817864240909
303,picture,8,3,3,2,8,0.15863406803277794
187,nice,16,21,21,71,66,0.15858568285421817
491,sure,5,10,15,22,37,0.157342634270981
860,entire,3,5,2,8,15,0.15658201727067017
1360,pool,3,5,3,7,19,0.1549903660626359
992,self,2,1,2,2,2,0.15418035928429163
441,think,26,24,31,30,32,0.15391010934697244
1374,steam,1,2,2,2,5,0.1538854968674904
469,bad,24,17,12,16,14,0.15370595474786863
265,process,2,2,4,5,11,0.15320617523862579
939,hate,2,3,2,2,6,0.153136421115768
759,close,11,10,8,4,24,0.1528426455062966
323,not get,6,6,5,4,8,0.15274725866915279
648,flavor,4,7,5,17,15,0.15253941554303546
526,serve,16,5,12,24,14,0.15157021603745047
977,inside,16,3,8,12,12,0.15143956927466679
257,show,17,6,14,9,25,0.1512059366344317
1001,park,4,6,3,14,18,0.14919157960880342
443,little,12,13,20,50,54,0.1476440767955355
271,ago,7,5,5,2,14,0.14569950330168255
217,although,3,4,5,13,12,0.14536464885711317
945,warm,4,2,3,8,4,0.14336689535576702
882,specially,1,2,1,3,4,0.14228059333868268
130,also,26,20,43,79,92,0.14090366959000925
340,ca,9,11,14,11,38,0.13999933338519543
320,simply,3,2,3,2,10,0.1393700955400425
475,buy,20,6,6,7,27,0.13920998782009592
473,option,8,3,7,19,25,0.13904785909558248
203,price,17,25,36,66,70,0.13759474162294721
452,ice,9,12,8,15,13,0.13600957915888703
1077,chance,3,2,1,5,3,0.13596480640545727
1230,birthday,2,4,3,5,13,0.13564286617867746
615,bee,1,2,2,4,4,0.13539691253577854
1245,exactly,4,1,1,5,6,0.13536037446916752
871,garlic,3,2,4,8,7,0.13478469793460993
741,stick,10,3,3,9,6,0.1335778102803574
486,pick,13,3,10,13,16,0.13319868152480502
85,amount,4,5,5,13,9,0.13275037829986436
145,day,51,17,13,21,75,0.13174068839238648
1016,either,6,2,6,6,12,0.13135618840597477
362,die,2,2,1,5,8,0.13121817985470335
1231,course,8,2,3,7,5,0.13077949112891626
331,down,32,22,13,17,29,0.1300688835757542
676,felt,4,2,5,8,16,0.12945497360496447
112,another,29,15,12,13,21,0.12895111866346068
424,add,14,5,10,9,13,0.12885394522192425
1236,veggie,2,2,2,3,2,0.12829375946887717
1526,bean,5,3,5,13,10,0.12795375380728383
629,fire,7,3,7,17,19,0.12787663853596132
844,card,3,3,5,5,13,0.12779734581111543
731,floor,5,3,1,4,5,0.12730433049272216
567,believe,5,3,1,4,5,0.12730433049272216
168,through,15,8,4,8,13,0.1264310116053477
205,server,26,19,9,22,21,0.12626614989522522
520,husband,15,9,6,6,15,0.12620463413841385
1736,itself,2,2,3,7,7,0.12427839028676851
1491,mark,3,3,1,4,5,0.12256140680578317
527,meal,12,9,18,28,31,0.12160041370384152
416,long,30,11,12,15,20,0.11893895229326171
254,any,22,15,9,9,44,0.11843403879492252
244,once,9,8,7,6,12,0.11836589741173659
89,start,15,13,5,12,36,0.11831718941307111
786,leg,3,4,3,5,5,0.11812010671504636
396,chicken,13,21,25,53,62,0.11750358680905817
872,seriously,7,4,2,3,10,0.11749317026846513
430,simple,2,2,3,7,8,0.11732663029079037
1148,dark,1,2,2,4,5,0.11688880737794242
73,could,70,27,20,29,70,0.11560021905128331
823,front,19,12,8,11,15,0.11523612004619962
50,greet,3,3,3,4,14,0.11485719820617406
643,value,2,1,2,4,8,0.11443073396736429
70,full,10,5,8,24,22,0.11369929358111057
818,local,6,7,3,14,16,0.1136624154982882
776,extra,7,3,5,3,13,0.1134934180662907
78,room,14,12,19,24,26,0.11313278646898926
1046,street,6,2,6,9,12,0.11241165137609516
307,keep,16,6,7,7,33,0.11189372965916325
48,whole,10,3,3,9,22,0.11180137701690696
577,bring,13,16,9,20,21,0.11107225669633232
1584,pass,5,3,3,4,3,0.1110596656393132
285,more,36,15,31,68,53,0.11104315501653571
574,since,19,6,14,15,48,0.11088463098056488
352,menu,11,12,17,37,39,0.11028766078760258
410,anything,22,9,11,16,12,0.11015614909979259
822,guy,14,8,5,9,10,0.10991352950997725
1770,straight,2,1,1,1,5,0.10950666909895372
561,hotel,8,2,6,13,16,0.10926330411974484
117,much,21,16,29,32,49,0.10918875304891972
1075,complaint,4,1,1,4,5,0.10885112844985176
151,begin,12,13,15,29,67,0.1081507897711087
510,different,12,10,3,17,28,0.1078259589717186
191,speak,18,17,7,18,28,0.10549324991242756
1599,delivery,4,1,1,3,6,0.10541474889782895
973,jean,2,1,2,2,3,0.10494917597790984
255,half,16,9,6,11,11,0.10232389740351576
1147,tap,2,2,1,2,3,0.10167363667056517
58,otherwise,2,2,1,2,3,0.10167363667056517
594,lot,11,12,19,29,43,0.10084381192761908
1141,boy,2,2,3,4,5,0.1007634928437609
693,base,9,3,3,8,6,0.10073877306414177
1251,oil,7,3,2,3,10,0.10071765996549806
312,not be,21,8,9,10,17,0.10050210921532438
324,complete,4,1,1,3,5,0.10042380261111261
664,fix,14,6,7,5,17,0.10034628896899483
259,deal,11,5,10,8,23,0.10024294568544416
15,u,69,32,15,40,104,0.1001718411320029
92,but,129,147,160,222,235,0.09912325311808484
972,far,7,5,7,5,18,0.09844899240965733
811,shrimp,4,3,4,11,16,0.09834621346929366
968,stay,15,4,9,13,14,0.09814700046066799
601,bread,9,10,7,19,14,0.09791755994786713
444,top,10,5,5,14,33,0.09778161900550669
842,cover,3,3,2,3,4,0.09734988890652788
595,case,5,3,1,6,10,0.09696502870482948
957,wish,5,3,6,12,16,0.0968735131566291
282,guest,6,2,3,6,4,0.09645472848742301
1047,outside,4,7,5,10,19,0.09637436072731533
241,those,14,3,5,14,16,0.09594238210570885
923,problem,9,6,4,4,14,0.09277287635111701
447,saw,10,4,3,8,7,0.09276100143431819
1514,sad,1,1,1,3,3,0.09219939954623331
640,kind,6,6,8,15,30,0.09207388260750186
509,location,20,7,6,23,44,0.09195907505507687
980,gun,11,6,4,7,26,0.09153629051921928
1073,rice,8,7,9,19,15,0.0912024820863411
403,still,35,12,18,23,27,0.09013848362963554
660,future,1,1,1,3,4,0.08977348471290797
1471,roast,1,1,1,3,4,0.08977348471290797
1218,venetian,2,2,3,5,6,0.08938590307961877
171,year,25,15,12,12,55,0.08809305104212652
642,choice,5,4,5,14,16,0.08768770678164721
637,them,65,25,13,51,89,0.08757033925222349
135,before,45,16,20,30,32,0.08648434194261036
1667,regular,6,2,5,7,9,0.08623422393314298
214,second,16,5,7,10,13,0.08546976105603407
377,table,31,27,30,28,53,0.0852421212036811
1119,imagine,3,1,1,4,4,0.08509083253678283
497,afternoon,2,2,2,5,4,0.0848537214952061
60,black,4,1,2,5,5,0.083461659488324
496,man,7,4,2,4,10,0.08317306786574949
173,off,31,16,19,21,26,0.08283101276499079
1631,certain,1,1,1,1,2,0.08250325148666382
100,see,24,17,8,22,60,0.08247380516032664
457,fill,8,4,8,12,13,0.08157638325217817
326,fact,4,4,2,4,8,0.08129466086114673
123,without,10,7,3,10,24,0.08080848474413893
415,name,14,5,4,8,22,0.08069343277120206
277,until,14,6,4,8,14,0.08012855294217748
90,...,105,37,37,50,158,0.07978130113191041
1026,yes,5,2,4,8,15,0.07923812987150614
685,else,19,8,9,10,17,0.07898255415137626
356,order,94,42,42,93,61,0.07894375867067711
98,my,289,154,76,181,473,0.0788965812109293
9,these,13,10,5,15,37,0.07753565038204693
464,staff,34,14,13,48,83,0.07746452711195154
433,than,19,17,26,38,51,0.07723673175856235
845,between,4,2,1,5,8,0.07671219810976547
691,same,17,14,7,19,21,0.07627031201252889
74,even,51,14,27,34,92,0.07550254804631047
737,own,10,4,3,13,20,0.07535127713569612
1023,frequent,1,1,1,1,3,0.074485307025671
272,sit,16,11,12,17,15,0.07441906414026381
292,now,26,11,8,25,58,0.07384809855095227
1238,near,4,3,2,8,12,0.07340260493785715
1747,depend,2,1,1,3,2,0.07340110130929701
536,eat,23,16,27,47,54,0.07255393083486973
730,cause,5,5,4,8,7,0.0722002119632438
1198,never have,3,2,3,7,10,0.07168972731346805
47,take,84,33,34,41,89,0.07099506330859784
528,piece,7,7,5,11,10,0.0700144061409996
1079,busy,9,4,3,13,18,0.06828436939291198
107,from,84,21,30,63,117,0.06824897677868234
1554,seafood,4,2,3,5,4,0.0681353746805987
460,finish,8,2,3,6,12,0.06775540142297161
466,review,20,15,6,25,36,0.06769115363683055
136,le,12,4,9,17,20,0.06761534310753914
325,due,6,3,3,4,5,0.067076293438986
144,last,21,5,11,23,31,0.06700937744698764
21,each,12,4,6,13,29,0.0666982559696519
75,very,57,40,51,132,190,0.0658964480308554
1242,express,3,1,1,2,5,0.0626337085758723
306,want,55,34,25,33,64,0.06252449012719094
71,head,6,2,2,4,6,0.062222442208975326
122,around,16,19,12,25,38,0.06197348575528326
370,doe,18,11,9,29,22,0.06103916588005517
113,really,29,27,31,74,100,0.06065505647635305
582,ahead,3,2,2,2,4,0.06010547102699101
383,some,25,19,30,50,75,0.059526611229118606
269,point,15,9,9,14,13,0.05888924497702339
280,two,36,16,14,29,29,0.05774048762031527
212,again,39,12,16,25,63,0.05758874222971646
609,open,11,5,10,15,28,0.05737544392529374
519,right,23,11,7,29,46,0.057297259444641174
93,three,11,4,4,7,11,0.05583696546814497
1760,generally,1,1,1,2,2,0.05567649063426421
263,must,7,3,5,8,19,0.05546911003814974
146,will,66,28,26,90,146,0.05532132818844994
224,return,14,7,9,8,22,0.054973867397786286
419,many,10,12,8,20,31,0.054701835101283514
138,end,22,8,12,23,21,0.05425215524813614
697,hot,11,7,9,23,24,0.05422866831542155
750,upset,2,1,1,1,3,0.05374186263082598
180,which,38,39,43,74,89,0.053416942632803686
1428,consider,3,1,2,3,4,0.053338271308850486
437,home,20,15,9,15,39,0.05332136472839901
1146,glass,5,4,3,7,6,0.052868139308475295
1048,late,7,4,4,4,14,0.052590394966684224
46,ha,33,18,24,23,72,0.05244905171513188
588,find,18,22,17,38,62,0.05223572059255779
141,thing,42,23,18,26,46,0.05215408662181096
512,list,7,3,5,6,9,0.05196406473889775
1009,especially,6,5,4,5,15,0.05160724252400644
95,do,255,105,98,169,242,0.05155280940532481
817,none,3,1,1,2,4,0.051298030402490424
477,what,77,33,22,58,89,0.05125618020865515
1216,normally,2,2,2,3,4,0.051118347863114096
1335,type,6,3,3,6,5,0.049572465355968896
1745,fair,2,2,2,3,7,0.04937741239409298
345,food,70,68,68,151,162,0.0483773222076842
181,know,39,22,14,28,45,0.0482818111097628
19,can,35,26,39,62,95,0.04735531892403893
1373,host,4,3,2,3,8,0.04699922162498834
1127,bob,3,2,2,2,6,0.04578722130763645
386,place,77,58,84,146,208,0.045556209234738305
183,about,63,52,32,56,123,0.045378699625516876
545,too,24,24,26,42,57,0.04523078222531009
641,shop,10,8,9,21,33,0.04468236142804637
617,twice,3,2,2,6,7,0.044482498460210754
493,old,8,8,6,10,16,0.044167717045376025
632,run,16,8,5,14,18,0.044023075300400685
290,yet,4,4,4,6,9,0.043103440130637126
384,restaurant,27,23,28,39,58,0.042719990170541
369,how,45,15,17,31,64,0.0423665888392938
184,visit,15,8,12,27,36,0.04182974288729242
64,most,13,9,13,18,37,0.04168823625002462
462,cut,13,10,9,12,19,0.04082078136781961
895,per,4,2,3,6,6,0.04061536485529897
590,both,12,7,9,16,36,0.04035259556056811
231,when,97,47,41,60,115,0.03957412465336398
1110,wear,2,2,2,3,6,0.03893678184426176
1647,forward,3,3,2,4,7,0.03875821245334378
295,try,38,21,20,56,101,0.03867929296878063
1561,member,2,2,2,3,5,0.038650578547983386
119,there,96,71,44,97,132,0.03825708716978127
0,total,6,2,3,5,7,0.03762612608158508
726,pm,10,7,5,8,14,0.03758017588979924
557,save,5,3,3,4,12,0.0373995288323912
1226,olive,1,1,1,2,3,0.03591467502812156
108,they,274,137,110,194,308,0.0350849664537247
248,if,84,60,55,95,104,0.03400092434213401
69,get,156,88,69,109,195,0.033480853081497196
261,while,25,9,10,18,38,0.0331032974533494
62,next,19,12,7,20,39,0.03303769280766221
68,where,20,9,9,13,24,0.03277190526813692
225,because,53,30,28,37,68,0.03156851909837364
94,people,44,20,18,35,46,0.031237718442236866
7,over,40,25,19,33,49,0.030955711203579376
381,free,13,8,6,15,15,0.030946811645000006
1086,excite,4,2,2,4,4,0.03059528199003514
189,go,139,78,49,113,204,0.03027945492001323
210,experience,26,17,16,28,70,0.02936837417172949
329,door,11,8,7,17,32,0.02928013944491224
337,your,41,20,33,49,81,0.029226316502391995
211,would,112,51,54,96,115,0.02897767512332802
418,here,50,47,46,92,144,0.028710959115586104
124,make,56,27,30,62,135,0.02815687753045865
150,out,92,63,53,73,144,0.028122684916184946
172,give,38,29,20,41,57,0.02783950971491608
834,decide,11,6,7,8,18,0.027608859653988512
51,you,120,94,94,225,332,0.027357873072973344
1682,shoot,4,3,3,5,6,0.02731851399678773
25,at,144,76,78,117,165,0.026475208909528362
511,several,6,5,5,9,18,0.026239376404995376
232,other,43,31,22,41,64,0.025888269554054558
43,that,249,134,119,180,318,0.02506899662672339
564,into,24,12,13,18,30,0.02440473403884002
140,only,43,24,30,48,57,0.024246950131443866
127,like,66,42,53,94,110,0.024019440888438007
350,we,274,130,120,208,326,0.022917394875909707
126,look,39,23,18,35,82,0.0214375885577416
436,just,69,45,55,73,130,0.021094058835047648
196,an,64,29,38,52,117,0.020324366973354904
10,actually,13,8,6,12,17,0.02031233931330136
44,offer,12,7,5,10,21,0.020182113214611833
13,to,686,372,317,498,1028,0.019924833791280464
177,up,77,37,33,56,110,0.019393500173123496
987,foot,5,2,3,5,9,0.01864922124013046
169,their,62,32,30,86,112,0.018085464396121173
378,our,78,55,43,71,140,0.01764555344458806
38,of,259,200,189,433,637,0.016648883106087968
3,this,223,119,100,173,366,0.01572057742215151
152,feel,17,10,12,16,32,0.015380930756959487
83,use,19,15,12,22,42,0.014869307696398389
63,come,65,42,49,86,164,0.014818245316387365
218,first,43,20,18,36,72,0.014734962760125725
397,part,10,5,7,12,21,0.014283338596914547
41,and,743,383,415,951,1660,0.01426827722574053
20,be,664,501,512,1062,1616,0.014128525196001277
52,with,168,97,114,248,383,0.013581293168689477
111,one,89,40,43,70,129,0.013269150758049748
106,well,33,21,24,51,74,0.012836098950188083
848,pas,3,2,2,3,5,0.012646945968354624
115,it,305,188,197,372,444,0.012357551152222812
26,all,72,48,51,87,175,0.011822815858866341
459,seat,18,9,10,15,26,0.011792482101550452
201,on,160,97,113,206,261,0.011670192059219507
5,service,74,40,40,73,158,0.011567274902786112
253,or,71,47,35,78,113,0.01083353378645847
82,way,25,14,16,23,41,0.010484995423575418
8,wa,460,276,308,481,729,0.009926852220577062
1275,push,2,1,1,2,4,0.009809025716399288
149,time,107,48,51,98,177,0.007753037243557537
12,the,1041,695,759,1394,1993,0.007724328371260961
36,a,621,378,375,880,1185,0.007225767230963477
463,back,68,34,32,70,127,0.007156054615645153
552,need,28,17,17,31,62,0.007112920978784394
240,by,44,27,21,49,71,0.0070766119751809855
16,i,838,436,407,739,1241,0.006580086834306468
2,for,288,138,153,328,479,0.004487486262560463
11,have,313,176,158,365,601,0.004093770685625453
304,below,2,1,1,2,3,0.003386010737755073
1575,careful,2,1,1,2,3,0.003386010737755073
440,few,23,12,14,24,39,0.003375210538273825
57,in,275,164,142,285,455,0.0027476170148904673
852,miss,10,5,5,10,17,0.002586440953084758
116,so,118,74,73,139,242,0.0022204797082471276
133,something,16,9,9,18,28,9.705094665669155e-05
