word,info_gain
great,0.06439398698916898
!,0.051487939825296536
good,0.04702635455552828
amazing,0.04054098176977128
to_NEG,0.04010263076139475
back_NEG,0.03992182435491687
worst,0.039585073091298995
the_NEG,0.038596177823044364
delicious,0.035578895933932486
minutes,0.03178207607923156
asked,0.031326718327026715
told,0.03106447179176497
horrible,0.03091622035026198
terrible,0.025632834951662353
ok,0.02545084461736513
bad,0.02542484027456693
said,0.025135013870935197
and_NEG,0.025112686287792396
rude,0.0251025687685984
best,0.02425525181577992
manager,0.023920754500785346
friendly,0.023667666402069187
pretty,0.023209444177654248
recommend,0.022127347291880817
disappointed,0.021222736287817234
?,0.020882229354004522
it_NEG,0.02080341005383035
was_NEG,0.02063197016934426
would,0.020574522813451068
again_NEG,0.02014983026948336
not_NEG,0.020148432120955295
for_NEG,0.019791029422145723
awesome,0.01953091281476027
a_NEG,0.019519780373861373
this_NEG,0.01868680596101635
it,0.01849562943474936
love,0.018198276994042306
waited,0.01806800245262785
nothing,0.018003128086133913
i_NEG,0.017454601453623653
decent,0.017042815888336005
excellent,0.0166650133875077
definitely,0.016516391689514354
that_NEG,0.016143898218078157
of_NEG,0.016103114296842413
at_NEG,0.015740596603851742
ordered,0.015559424895323914
or_NEG,0.015348206760837702
left,0.015080545908870313
only,0.015071840082248933
highly,0.014805948393774582
took,0.014659383626036693
poor,0.014635975296598325
she,0.014501041427978478
another,0.014091962299587202
us_NEG,0.014081940898486689
in_NEG,0.01407758484245214
we_NEG,0.013938462218494596
bit,0.013798141790583696
my_NEG,0.013787012230033202
perfect,0.013712155101289536
however,0.013513442015145039
awful,0.01345291781490987
like,0.013432879982689716
bland,0.013290795400634714
slow,0.013163677921309347
okay,0.013122654930244781
better,0.013002903687629797
mediocre,0.012852588640846818
favorite,0.01272799822089521
average,0.012475934908621422
could,0.012362181250784587
our_NEG,0.01235847006284363
little,0.012308980726000396
cold,0.012217106720102233
overall,0.012182093792505011
on_NEG,0.012130960178216021
be_NEG,0.012117630611609975
tasty,0.011990729620274365
order,0.011707957883221987
there_NEG,0.011645189215309326
maybe,0.011585254790534627
disappointing,0.011504369027008021
dry,0.011501992739652689
nice,0.011498410117125157
waiting,0.01128099104653435
finally,0.011228678357507516
they_NEG,0.011223737135173995
if_NEG,0.011032824161709254
they,0.011013425238470376
me_NEG,0.010955225413676217
fantastic,0.0108428595159622
wrong,0.010758111484664656
money,0.010465016541482797
seemed,0.010264039981846107
fresh,0.009945068260804213
waitress,0.009788459278945894
special_NEG,0.009775615645193358
disgusting,0.009642782574641462
food_NEG,0.009572100796944483
notderful,0.009476887832441161
called,0.009458500762746347
always,0.009452411711640352
bill,0.009381890409011273
came,0.009344154293268403
later,0.009296926676850337
all_NEG,0.009280326556296181
though,0.009153243010429968
would_NEG,0.009070588597386742
money_NEG,0.009046909704134798
even_NEG,0.009027174514313785
stars,0.008940358637937074
table,0.00893493849370186
empty,0.008878276976209687
here_NEG,0.008725224222780437
paid,0.0087000584277237
loved,0.008694952888570473
customer,0.008679586758748137
overpriced,0.008671146901464422
were_NEG,0.008644321263994392
worse,0.008621250785574297
still,0.008323545992726444
up_NEG,0.00822307649950238
someone,0.008146345254948173
with_NEG,0.008083288420624779
dirty,0.008073983518722017
ever,0.0080487355724439
got,0.007993717632144293
us,0.007890927371497547
guess,0.007880946423518331
atmosphere,0.007876856344259497
he,0.007862273007201992
charged,0.007793855216158718
service_NEG,0.0077589523276779815
time_NEG,0.0076989568286327525
going_NEG,0.007632061565317372
more,0.007631949112107517
enjoyed,0.007629737534384784
she_NEG,0.007605267563524976
any_NEG,0.007587170984660663
get,0.007528337489340675
returning_NEG,0.007479463301575784
walked,0.0074258394257524785
sorry,0.0073895256903857565
worth,0.007366958779677191
had_NEG,0.007291642144418908
..._NEG,0.00728610469503721
out_NEG,0.007283921279241046
no_NEG,0.007233006246773144
went,0.007231872735666389
management,0.007227806924406277
unfortunately,0.007135398415345495
some,0.007041648253012234
what_NEG,0.007004059423181719
probably,0.006997091294779434
looked,0.006984544135105075
menu,0.0069350635390179605
is_NEG,0.0068852810631572225
thank,0.0068762263238490995
them_NEG,0.006845189319584222
will_NEG,0.006843597107847543
meh,0.006806905110229078
perfectly,0.006784949205354884
pay,0.006720898973505474
about_NEG,0.006650525002847907
her_NEG,0.006618058171748764
good_NEG,0.006609076542867243
really,0.006525998034843994
tasted,0.006492401833581685
did_NEG,0.006441532322883692
as_NEG,0.006324662356975708
your_NEG,0.006316351799341202
zero,0.006294955800485891
attentive,0.0062931992749284404
gross,0.006258052638874911
yummy,0.006238005382116718
else,0.006232848827349979
wanted,0.006218333014417432
instead,0.006184284967141629
order_NEG,0.006182693146910001
have_NEG,0.006167107451113818
tables,0.006155985405967179
selection,0.0061274126817894015
think,0.006024844461745449
give,0.005996035170355629
fine,0.005976411960426642
so_NEG,0.0059026868413227795
fries,0.005891761754975633
when_NEG,0.005870998422398799
after_NEG,0.005829651097452704
because_NEG,0.005803013558540293
than,0.005727275490451156
two,0.005720880022551
just_NEG,0.005714591475233455
customer_NEG,0.005712126087651814
soggy,0.005705811487075607
phone,0.00565799514622034
disappointment,0.005643898154170657
tasteless,0.005588009678684447
sat,0.005567565079034775
place_NEG,0.005561051430937436
helpful,0.005543837827672871
least,0.0055292110317730625
...,0.0055262290490381005
do_NEG,0.005519651665313319
food,0.005512812930740463
customers_NEG,0.005485700410644778
spot,0.005455264592108655
manager_NEG,0.005407236046313102
attitude,0.005372873695838276
business_NEG,0.005338304603689892
get_NEG,0.005301800678124469
minutes_NEG,0.005295271942922675
sitting,0.005290889741506266
he_NEG,0.005245845479353584
anyone_NEG,0.005216841629546831
customers,0.005188555062317413
how_NEG,0.005135878134882699
anything_NEG,0.005131987295668328
arrived,0.005097594918094472
outstanding,0.005060303167203628
said_NEG,0.005053601647113215
liked,0.00501061711982187
mins,0.005005176156280378
side,0.004993872711041902
completely,0.004989029646078613
incredible,0.004988841338161798
leave,0.004985323185223489
half,0.00497737849976243
charge,0.004975952620312363
call,0.004965444050618384
happy,0.004931674791931684
supposed,0.004849074564646116
an_NEG,0.004847082505591516
asked_NEG,0.004844086618478016
barely,0.004828602814285432
table_NEG,0.004825338295229464
overcooked,0.004818117422998203
sad,0.004719039393032531
ask,0.004682387124147258
saying,0.004682035872987544
people,0.004665012550426617
gem,0.004648752876786677
elsewhere,0.004640775708691258
sent,0.004587315275424775
fun,0.004581296701908766
you_NEG,0.004559948519382573
rather,0.004552943321006531
from_NEG,0.004515322191291915
perfection,0.004514023353000329
quite,0.004507661375939165
min,0.004468266380656782
their_NEG,0.004438852458740872
ever_NEG,0.004425315669823959
thought,0.004418639453971807
one_NEG,0.004418007028051285
received,0.004407851671874408
small,0.00437154243677762
either_NEG,0.004317444418727501
reason,0.004311050356671231
ridiculous,0.004304908706680877
much_NEG,0.0042920657069145385
seems,0.004286705280731162
bar,0.004281961123842493
told_NEG,0.004268489602270886
lack,0.00426232588626041
hostess,0.004237467102744308
solid,0.004236722202225707
seated,0.0042270658409564454
knowledgeable,0.004225497606487938
came_NEG,0.0042249758106289725
put,0.004218246414406934
sweet,0.004169290863369923
last,0.004168911428200417
long,0.004162072628478342
but_NEG,0.00415590705234381
lacking,0.0041410530981460525
beer,0.0041044837989066
very,0.004074194914042373
star,0.004036695380733146
sucks,0.00403289944003804
sauce,0.0040051439519666054
die,0.003977601878538906
something,0.003971484605496567
another_NEG,0.003956198594852189
location_NEG,0.003953027736413706
water,0.003950951314261264
burnt,0.0039488449104623236
never_NEG,0.003918985609447034
way_NEG,0.0039105689137683974
forever,0.003907064498691604
super,0.0038951238862314774
cheese,0.0038850153985574565
until_NEG,0.003883773804512103
professional,0.003877110792785299
frozen,0.003870277761681251
try,0.0038508383887232434
avoid,0.00382901381729317
away,0.0038211550350149004
alright,0.0037875751744169683
says,0.003785000370398528
coming_NEG,0.003778368022772316
clearly,0.003777690117637178
flavorful,0.0037733120465053283
orders,0.003761500862607292
one,0.0037463894673868126
could_NEG,0.0037374246241133058
mistake,0.0036867082278240204
greasy,0.0036811137804679817
paying,0.003649024050717653
thing,0.0036436645237136744
also,0.0036360721180979105
why_NEG,0.003626736144354936
brought,0.0036196693986814132
juicy,0.003605072761491801
take,0.003597153024883948
burger,0.0035823929934486465
wait,0.0035819869446780395
front,0.0035661483968594254
want_NEG,0.0035607124772925047
portions,0.0035512474059573584
people_NEG,0.0035499277937978135
thanks,0.0035220462138862985
pm,0.003520282251173956
breakfast,0.0035142463382245026
business,0.0035043117767599163
speak,0.0034846550120919417
much,0.0034818608682156693
understand,0.0034679522962304254
drink,0.0034628724139951217
used,0.003461798055842902
reasonable,0.0034455797407102473
variety,0.0034410423365587306
chicken,0.003439502494293478
loud,0.0034265069418779603
like_NEG,0.0034161770177916218
should_NEG,0.003405857386530542
care_NEG,0.003397575687478671
hour,0.0033867287419586667
staff,0.00337363673815938
pricey,0.0033549191874229223
huge,0.003343003573474057
check_NEG,0.0033429811504430695
over_NEG,0.0033418746220323925
given,0.003339443657356611
large,0.003334341771062732
gone,0.003317440481227063
standing,0.0033136470218435576
typical,0.003305556748288474
impressed,0.0032997806364725157
by_NEG,0.003298052472261226
crispy,0.003291530198905157
yum,0.0032827821511238753
somewhere,0.003282704479365961
take_NEG,0.0032739875273821717
restaurant_NEG,0.003263877603647547
prices,0.0032388978523396617
lunch,0.0032335331255683997
then_NEG,0.003232213980891352
salty,0.003227710953847218
lost,0.0032160313422755493
are_NEG,0.003214535029209653
spoke,0.003181395707625434
shame,0.003175153400593267
tell,0.0031539440431345156
unique,0.003152562936784342
apparently,0.0031509852073461353
vegas,0.0031479231375017847
flavor,0.0031330921573293757
although,0.003119412422241563
person,0.0031180010274818315
literally,0.003072532234426273
absolutely,0.003069651769590731
phenomenal,0.0030696410545307806
way,0.003067856971992189
give_NEG,0.0030620338274895964
call_NEG,0.0030565529497885713
fried,0.003053071636167193
ordered_NEG,0.003030645277624977
asking,0.003030039381534344
happened,0.003025044686353784
make_NEG,0.0030197108451348598
mess,0.003006643473139725
pay_NEG,0.00300294089882458
lady,0.002985426586935347
know_NEG,0.002983463949449039
server_NEG,0.0029739462980211684
only_NEG,0.0029723544242252764
few,0.0029675786269001136
price_NEG,0.0029508535363138577
server,0.0029473024626573974
almost,0.002946713433999104
needless,0.0029420787037732765
expensive,0.0029271434655493422
gave,0.0029185267507951806
lot,0.002912259478417223
spicy,0.0028913669509704754
everything,0.0028878108843777284
problem,0.0028867239399916755
actually,0.002884932431998166
wanted_NEG,0.0028805656759458564
let,0.0028758831763799897
got_NEG,0.0028723000413113375
drink_NEG,0.002867046044940924
company,0.0028399207211853295
lots,0.002818768468700661
portion,0.002807489650598516
busy_NEG,0.0027915706473331525
less,0.002787410220403075
say,0.0027772605977252063
off_NEG,0.0027657731708550237
left_NEG,0.0027642158646599135
cool,0.0027528969471593
decor,0.0027497930951860816
ask_NEG,0.0027469812318727804
felt,0.002739956233839713
noticed,0.0027362947741327304
around,0.0027279061256990644
who_NEG,0.0027270530138436833
employee,0.002713925089603997
waitress_NEG,0.0027129326231745132
eat_NEG,0.002702834111846464
three,0.0026980721818374853
fabulous,0.002692168535857853
card,0.0026819217700344566
owner,0.0026785767915180614
weird,0.0026707263945819903
salad,0.0026633269871867427
placed,0.0026617097799719325
him_NEG,0.002651413603486752
telling,0.0026348992649243286
his_NEG,0.0026296888188572787
car,0.0026212323048597774
water_NEG,0.0026172658797620763
decided,0.0026098020334690553
notch,0.0025938870802821867
forgot,0.002590315996216841
drinks_NEG,0.0025728957945982955
credit,0.0025702923353358997
burgers,0.0025660533687976717
right_NEG,0.002563876046554281
clean,0.0025589105960026615
quick,0.002558356760120173
expected,0.0025499077160766603
glad,0.0025417124510380695
leaving,0.00253121802581191
employees,0.002524689324669538
really_NEG,0.0025084293852408734
standard,0.002503065976345642
every,0.0024948156083079986
bad_NEG,0.0024942636698237486
obviously,0.002491260985863164
already,0.0024888383079417764
waiter,0.002475510985066265
seating,0.002455216094570556
price,0.002451209995266712
hard,0.002448986310009005
hours,0.0024384410330453576
sadly,0.002438278874965949
options,0.002424980176227276
tender,0.002417493471781995
being_NEG,0.0024171812301894136
saw,0.002415709733540883
review,0.0023955483563473656
expect,0.0023926457603948847
first_NEG,0.002391359630020684
return_NEG,0.002388862289971261
might,0.0023831386438004643
recommended,0.0023760048447205584
guy,0.0023567660797247925
since,0.0023566804929764373
basically,0.0023493842257553688
apologized,0.00233886757855295
area,0.0023318829809775288
trying,0.0023254173413782553
specials,0.0023195509934326175
times,0.0023037237725604953
hot,0.0023033701838124365
check,0.002297990692901042
come_NEG,0.002297372395843933
comfortable,0.002296125046265196
welcoming,0.0022666709502860982
unless_NEG,0.0022626782092749487
flavors,0.0022590107287752126
fan_NEG,0.0022586387346459347
pork,0.0022561001535486014
stay,0.002254220357359671
exceptional,0.002248346215467656
pleasantly,0.002237051582914873
send,0.0022324772846062935
casual,0.0022236523473444514
help_NEG,0.0022220229533140845
big,0.002220958513786009
located,0.002219543961253123
talking,0.002216367019636678
took_NEG,0.002207898818567866
hoping,0.0022062744459354633
save,0.0022040588462539645
girl,0.0022035402700577578
kinda,0.0021963892968597243
bacon,0.0021931200767228987
raw,0.00219222836391042
ended,0.002176148385294674
informed,0.0021753153891159727
homemade,0.0021738177905845646
potato,0.0021505811471533853
drinks,0.0021436353583230705
tough,0.0021401172499579957
best_NEG,0.0021362745347381917
impressed_NEG,0.0021311335607410165
patio,0.002126626930212261
interesting,0.002122792414050778
total,0.0021213116857579095
experience_NEG,0.002121282490358478
showed,0.0021111186608746557
dollars,0.0021093622342864826
second,0.0021086317128338194
beautiful,0.0020915713643372413
rating,0.0020896456964116794
other_NEG,0.002082134455875906
situation,0.0020814984169277295
someone_NEG,0.002078719640923765
behind,0.0020761667728530497
delish,0.0020729895007134402
go_NEG,0.0020635154213444196
kitchen,0.002059201509403419
night,0.0020586707106211577
taste,0.0020556703873775284
fairly,0.002055253818884051
parking,0.0020512635039402483
place,0.002043290420309596
odd,0.002041852972571867
otherwise,0.002036416053818879
location,0.00203275462646868
know,0.002027444715570148
high,0.0020214082602345584
write_NEG,0.002010597559374716
care,0.001994356412300835
enjoy,0.0019942169809548105
tables_NEG,0.001993343776763634
too_NEG,0.001992170460847653
town,0.001985745560616259
beers,0.00198341743481123
issue,0.001961263053703366
please,0.0019586345507160985
returned,0.0019319658602481304
perhaps,0.0019294321950154014
anymore_NEG,0.0019293486327742748
superb,0.0019237701462548884
sandwich,0.0019232002697013861
brunch,0.0019169645233492183
tiny,0.0019137354298148779
giving,0.0019127176645352684
stood,0.0019037606776746152
flavor_NEG,0.0018948714272717382
missing,0.001891449949215307
beef,0.001882902133226061
favorites,0.001877194086961964
kind,0.0018718513274982307
except,0.001868803185784973
deal_NEG,0.0018656293785368483
slightly,0.0018529949275074564
tell_NEG,0.0018500339340854488
first,0.0018480375495655288
disappointed_NEG,0.0018443540492598665
woman,0.0018437261609456357
excited,0.0018434459721197172
bomb,0.0018406236779897611
inside,0.0018383912292576632
today,0.001835452459107323
turned,0.0018314796220071372
waiting_NEG,0.0018310708173481238
put_NEG,0.0018276291544001566
size,0.0018250781554276507
see_NEG,0.0018179621528569
meat,0.0018164739961150644
expecting,0.0018105395288992021
style,0.0018102239235213702
line,0.0018065263423863165
hour_NEG,0.0018042702760014961
restaurant,0.001795189561612176
mostly,0.0017898891704262176
fast,0.001788790414676722
creamy,0.0017869324843537981
same_NEG,0.0017861171585757951
desk,0.0017847035965203872
closed,0.0017762590387793153
great_NEG,0.0017747046256628707
tip,0.001774329950124276
been_NEG,0.001773527405172004
fan,0.0017711363217047804
getting,0.0017690178581291072
hair,0.0017668939406565443
dessert,0.0017649141292692683
cozy,0.0017647698155296432
chocolate,0.0017591110773276242
ambiance,0.0017485460932422647
which_NEG,0.0017467719543189375
strip,0.0017427531023703757
spent,0.0017419722649876235
though_NEG,0.0017312419344563956
heaven,0.0017284409818341118
served,0.0017165444258964158
pieces,0.001706376817689037
dish,0.0016982708237960331
appointment,0.0016808415493199114
bar_NEG,0.0016790305969025532
sports,0.0016785368442682191
dropped,0.0016774152244019014
pleased,0.001676478894164557
shared,0.0016732778650587754
basic,0.0016731348017806624
very_NEG,0.0016689778700609281
complaint,0.001668964839885323
am_NEG,0.0016664756607291942
taste_NEG,0.0016657326460132182
meal,0.0016564903353168958
items,0.0016519355665427504
needs,0.001651685074681719
wow,0.001649886613120266
grilled,0.0016433574220284797
dr,0.0016409182077201656
due,0.0016388868170329474
bottom,0.0016381233689228836
well_NEG,0.001630165732792399
things,0.0016287540908375142
crowd,0.0016273954626671028
their,0.001623150023637887
affordable,0.0016197253592586947
done,0.0016193628373422086
beyond,0.001618654677715714
hit,0.001617889542322004
cashier,0.0016141114157233183
banana,0.0016113278038214496
home_NEG,0.0016054530702236391
part,0.0016031463543715319
done_NEG,0.00159955937362799
refreshing,0.0015972065833840254
somewhat,0.0015967262672260674
recommend_NEG,0.0015941352613308979
choice,0.001584247283231477
busy,0.0015825642552695918
special,0.0015793967046433544
experience,0.0015767706449603125
worth_NEG,0.0015691765875973651
outdoor,0.0015689130784188876
cute,0.0015663447327485258
moist,0.0015662292202045514
couple,0.0015659429290399984
plain,0.0015652802838381774
room,0.0015609360788149118
limited,0.0015578845152668386
work_NEG,0.001556390716149103
well,0.0015554480927555403
staff_NEG,0.001548510316796925
plate,0.0015475876993331639
sometimes,0.0015464723130196312
than_NEG,0.0015374738012821076
usually,0.0015358686348854178
even,0.00153509161461729
watched,0.001528941796863581
taking,0.0015247196985730405
medium,0.0015155360325986855
accommodating,0.00151451943460712
onion,0.001513553752539032
stick,0.0015132800458870221
more_NEG,0.0015110023036597475
since_NEG,0.0015108493437776538
refill,0.001510725984658734
omg,0.0015096043235924839
recommendations,0.0015072013137169549
packed,0.0015032049326291208
two_NEG,0.0015005317035896582
arrive,0.0014986254218354311
cream,0.0014959872212103598
cost,0.0014882281184940283
hate,0.0014784526092705974
cheap,0.001470757168728909
changed,0.0014654580898918468
sandwiches,0.0014650000444005329
prefer,0.0014640599661093212
buffet,0.0014528085433229698
ran,0.0014516964323787462
floor,0.0014493912833244416
may,0.0014485677960864862
waste_NEG,0.001445506479753167
meal_NEG,0.0014446076540233221
miss,0.001440153749643347
dont,0.0014392169457426718
around_NEG,0.0014380355240906084
plenty,0.0014357683908676755
unless,0.001434492527026876
point,0.0014301544903685404
personable,0.0014270794872550674
lettuce,0.0014265292128752272
salt,0.0014247340723336777
half_NEG,0.0014227053182560567
reasonably,0.001420565679457475
either,0.0014136111106046734
seasoned,0.0014130778955623313
hidden,0.0014129912055516058
treated,0.00141269793356269
surprisingly,0.0014073676614834163
going,0.0013997419846694115
eating,0.0013959969300882946
chain,0.0013956165894608574
family,0.0013938734405014586
surprised,0.0013929208935916648
efficient,0.0013923400558004673
bread,0.0013898509292666894
down_NEG,0.0013887086366031198
counter,0.0013855257756452133
office,0.0013854072716328325
realized,0.0013805700103346474
vibe,0.001369312060854888
wait_NEG,0.0013674644494496846
didnt,0.0013630050651212144
else_NEG,0.0013619547425665068
clear,0.0013607655231160365
bother_NEG,0.0013580993388266904
has_NEG,0.0013541780720891516
go,0.0013538227625349286
filling,0.0013516016941141906
dinner,0.0013504030884980978
tvs,0.001347826156937959
served_NEG,0.0013461634482432316
fact,0.0013408217315991067
eggs,0.001327701227942235
without,0.0013263302833763646
potatoes,0.0013212247145881761
sort,0.0013195871955762328
none,0.0013175164829313246
door,0.0013162862167921396
satisfied,0.0013144801934759087
rich,0.001314386683948232
option,0.0013135546886506866
old,0.0013128224117977538
hands,0.0013114137054950348
dishes,0.0013060042778061387
leave_NEG,0.0013045281518131446
space,0.001299492117570633
outside,0.0012934263964514692
healthy,0.0012930399421513528
went_NEG,0.001291115650710939
piece,0.0012910724380215122
issues,0.0012892734294061015
generous,0.0012890901118547404
rest,0.0012857102042094226
mean,0.0012850566942197439
reviews,0.0012796970402191299
time,0.0012791915368426388
extremely,0.001278615218672563
explained,0.001271762329687398
fluffy,0.0012678913705630457
casino,0.0012643643537932903
requested,0.0012641647456725913
topped,0.0012635502940496757
while_NEG,0.0012612931501232438
chips,0.0012599654729985588
still_NEG,0.0012598679420547931
bbq,0.0012584980354559683
must,0.001244451142893066
ordering,0.0012435683245191065
four,0.0012427337823415208
twice,0.0012397755798838617
say_NEG,0.0012378954391869534
wine,0.0012332960808913995
higher,0.001229736173915974
paper,0.0012278981198314831
let_NEG,0.0012278890145367427
smaller,0.0012262893604741976
third,0.0012241798700802775
seem,0.0012239977225445564
hotel,0.0012230259193048987
likely,0.0012209740360251686
nearly,0.0012207135012247683
problem_NEG,0.0012198907596787656
bathroom,0.0012190098795432647
game,0.0012184808594168928
figured,0.001218315291750205
especially,0.0012170083267997178
night_NEG,0.0012057566775891537
seat,0.001202667597960616
menu_NEG,0.0012018434941634126
change,0.0012011229375059607
fare,0.0012000130648242013
ago,0.0011998232598120495
soft,0.0011966252903237162
cook,0.0011946403497966607
such_NEG,0.0011942507907125588
garlic,0.0011922786919993378
made_NEG,0.0011895057579263124
ten,0.0011882804174012662
back,0.0011873839601532765
crowded,0.0011867152575719686
shrimp,0.0011827093367076102
story,0.0011826218158561552
nicely,0.0011798336650552521
something_NEG,0.0011785244359017177
offer_NEG,0.0011779623940255668
soup,0.001175180355827532
months,0.0011721171889269577
easy,0.0011689924210589453
sauces,0.0011635947102708322
cooked,0.0011604344896860574
bag,0.0011581417075623435
star_NEG,0.0011576226262328682
used_NEG,0.0011549011223417338
past,0.0011504152170460635
negative,0.0011491809967068
need,0.0011487080481500378
stuck,0.0011476195724982041
hold,0.0011448050613642735
bartender,0.0011433712790420714
through_NEG,0.0011417325574853976
anyway,0.0011396249560582383
egg,0.0011382604889482728
before_NEG,0.0011372302864720574
authentic,0.001133118186302795
modern,0.0011324620499806315
correct,0.0011313890665256565
burger_NEG,0.0011310115063389858
sauce_NEG,0.0011303594114404625
mixed,0.0011261311047126021
minute,0.0011257370115198562
diner,0.0011244225188522528
taken,0.0011238307354908272
classic,0.0011231974834067238
menus,0.0011228570309023134
party,0.0011216199662928972
think_NEG,0.0011163541513758979
entire,0.0011163066623436357
green,0.001115163308049727
tonight,0.0011144261876818717
stuffed,0.0011141306242912208
par,0.0011136371028257486
chewy,0.0011126231478479909
quality_NEG,0.0011111813989406194
enough,0.0011091950644659399
away_NEG,0.0011045726417990842
friend,0.0011045226926378326
choices,0.0011041335829724552
wings,0.0010952750587338578
choose,0.0010940251153743752
weeks,0.0010935043535758027
longer,0.0010902411083817398
long_NEG,0.0010872013748555176
anyone,0.0010816403234299443
stars_NEG,0.001080095031870787
end,0.0010795744344380687
see,0.0010784747377461379
needed_NEG,0.0010756315727520338
fish,0.0010752082084892756
roasted,0.001074034856225925
rice,0.0010734654710833347
fix,0.0010710480613611573
thin,0.0010677589878831384
day_NEG,0.001063741254379913
now_NEG,0.001061449446317475
cocktails,0.0010613525636413712
truffle,0.0010574909715996839
walking,0.0010570251116770457
lot_NEG,0.0010537664981735695
heard,0.0010529125402118922
attention,0.0010436150315613624
life,0.0010396146382496418
kept,0.001039055688123458
charge_NEG,0.0010372697683864729
middle,0.0010356260464283729
talk,0.0010349063536461145
tap,0.001034502387377234
local,0.0010334843326100795
turn,0.001032392099194368
considering,0.0010321021305315092
hungry,0.0010308929390543398
toppings,0.0010197849355293442
where_NEG,0.0010182967332332815
music,0.0010182102815177174
absolute,0.0010100858858472783
traditional,0.0010096822877865286
serve_NEG,0.0010065333847393276
steak,0.001006293120933588
late,0.0010058449886014564
cash,0.000999377830972481
job,0.0009989131891865455
cooked_NEG,0.0009987928243795352
pretty_NEG,0.0009963560363939195
box,0.0009939418208455564
prompt,0.0009935770682085732
relaxing,0.000993508330540127
go-to,0.0009932506769363414
corn,0.000991689051140554
use_NEG,0.0009898443215203834
team,0.0009888107643667432
onions,0.0009866223581731504
hope,0.000983728298870723
complete,0.0009810743140943323
phoenix,0.0009810426662677507
delicious_NEG,0.00097692436514496
similar,0.0009761239496817176
reason_NEG,0.0009739844206877457
free_NEG,0.0009714507133726791
truly,0.0009701509412276543
additional,0.0009680192356582573
ready,0.0009658033370940622
coming,0.0009655313683132327
salad_NEG,0.0009654762193691546
years,0.0009643853564575977
big_NEG,0.0009622556036963381
number,0.0009610743027894664
into_NEG,0.0009592388619092951
mac,0.0009583495203280279
sign,0.000955464202267553
generally,0.0009554425755458062
chill,0.0009550772718451839
desserts,0.0009529708140600945
crisp,0.0009525057422496985
opted,0.0009524982028645823
sure_NEG,0.0009523736439116526
bun,0.0009517315239384594
agreed,0.0009498300233530266
spend,0.0009428512059388439
cake,0.0009382031478604169
anything,0.0009380746350635683
heavy,0.0009379126881512434
extra,0.0009374888968145534
stand,0.0009357550718807062
working,0.0009350880747716062
thick,0.0009321883568436107
room_NEG,0.0009317988631631913
weekends,0.000929821360146299
main,0.0009292441771506788
bought,0.0009256591972781614
pleasant,0.0009248759213793534
comfort,0.0009245837232714216
light,0.0009239769197497694
craft,0.0009171355383466029
seasoning,0.0009143836504090785
tomato,0.0009124361604562203
fries_NEG,0.0009117268639302623
bring_NEG,0.0009116358445617756
pub,0.000911436021715506
talked,0.0009105920346983432
booth,0.0009100421450374263
kick,0.0009049136859657914
skip,0.0008999318601077277
look_NEG,0.0008994752829307728
started,0.0008982771116543553
can_NEG,0.0008966290961245349
pancakes,0.0008929933713464067
toast,0.0008883192536752738
pass,0.0008824432738716581
french,0.0008811675043043365
new_NEG,0.0008802312101487964
hopefully,0.0008790315476203681
refills,0.0008782730686460738
once_NEG,0.0008766501817847328
mentioned,0.0008766178366279576
ate,0.0008761909223293785
glass,0.000874939804126118
despite,0.0008739071269299181
butter,0.0008725192037277729
sit,0.0008724282148615536
hear,0.0008722754072452155
use,0.0008706956483695016
cheese_NEG,0.0008697388063545475
chicken_NEG,0.0008692661942752977
salads,0.0008690287279087272
seriously,0.0008686880494619409
group,0.0008664371094506684
offered,0.0008609216121295837
open_NEG,0.0008492881002406527
spice,0.0008465202304472896
popular,0.0008446807336937034
smoked,0.0008444152983329012
opinion,0.0008441214261112329
sides,0.0008410627840840235
longer_NEG,0.0008381424135870397
write,0.0008374661973440389
based,0.0008330259334110579
store,0.0008326378944838453
las,0.0008317353403817229
waffles,0.0008308994115147073
experienced,0.0008303310442139278
selections,0.0008281087876418347
grab,0.0008275464577209846
passed,0.0008274160450540968
fresh_NEG,0.0008217368351943755
share,0.0008214033019422473
high_NEG,0.0008203895117748772
actually_NEG,0.0008196235277448949
move,0.0008175546307782611
split,0.000814176221080043
running,0.0008131681315926009
patrons,0.0008129382872628099
dressing,0.0008122842983020462
lovely,0.0008105535589435497
vegan,0.0008084807592161347
look,0.0008081611556369772
beer_NEG,0.0008080548468858417
close,0.0008077403584327847
downtown,0.0008024263141623855
quality,0.0008022043411326507
found_NEG,0.000800924943133996
different,0.0007995133080438421
veggies,0.0007992468223263494
times_NEG,0.0007973042214053372
some_NEG,0.0007960933088861921
everyone,0.0007942212183480457
world,0.0007939010104665023
close_NEG,0.0007908531233487004
benedict,0.0007886090667437173
tv,0.000787905000805722
drove,0.0007865239610942432
sausage,0.0007834018371273288
read,0.0007825431535382066
person_NEG,0.0007818012600560031
salmon,0.0007810340032112784
neighborhood,0.0007802618506245196
looks,0.0007787062348532103
type,0.0007785503366992685
pudding,0.0007779957765023937
several,0.0007719707696285383
amount,0.0007712585931392013
multiple,0.0007697534582304932
side_NEG,0.0007693568449966826
most,0.0007680631313817798
loves,0.0007675091883454499
etc,0.0007672172533284005
understand_NEG,0.0007663505680803873
getting_NEG,0.0007646699301071536
tacos,0.0007641710260837264
actual,0.0007625464899025935
establishment,0.0007604725533116863
interior,0.0007593772283791544
cup,0.0007589655253119609
dipping,0.0007578639768532902
dark,0.0007547335851034731
eating_NEG,0.0007536832138272942
smell,0.0007532616916816615
window,0.0007526543070408565
does_NEG,0.0007514342158714271
craving,0.0007512091037353841
tried,0.0007510799388206202
drive,0.0007494295688017516
sweet_NEG,0.000749360753289352
servers,0.0007458649393488059
finished,0.0007458394499897381
appetizer,0.0007452863398875742
amazing_NEG,0.0007426244579540331
whole,0.0007417312359536687
smile,0.0007408334066338895
update,0.0007405083804989943
pasta,0.0007404860317339335
watch,0.0007380382220438797
booths,0.0007380310061582129
welcome,0.0007361354996917591
thru,0.0007355432318170152
serving,0.000735383421114566
hand,0.0007352422967308314
joint,0.000734000741843932
honestly,0.0007337473107180692
visiting,0.0007320392580312252
wide,0.0007296504863618658
saturday,0.0007275367861514503
gotten,0.0007254212863165854
service,0.0007219609978355024
environment,0.0007188194178247009
compared,0.0007172215528643555
dip,0.0007163550800681762
run,0.000716352855231861
avocado,0.0007113442723949426
extra_NEG,0.0007112360018091124
waitresses,0.0007108536184206038
little_NEG,0.0007105685364368064
hot_NEG,0.000709337076115979
help,0.0007077928659517951
days,0.0007062130291806135
area_NEG,0.0007045042686333325
online,0.0007038074136676009
crab,0.0007022707077206647
combination,0.0007013157295547856
many_NEG,0.0007010513081859848
seem_NEG,0.0006999170460000315
mention_NEG,0.0006980131175713389
summer,0.0006971529557211475
appetizers,0.0006971144458676193
entree,0.0006969379686827537
coffee,0.000693626240305445
enjoyable,0.000691869014092017
note,0.0006913709595415263
courteous,0.0006910910841315676
kind_NEG,0.0006874303401280812
spinach,0.0006858557783377961
honey,0.0006846537151914411
any,0.0006841359942439951
fancy_NEG,0.0006827077250584068
texture,0.0006818154430163759
trying_NEG,0.0006794403524748027
flat,0.0006780722280637086
red,0.0006762025456934495
convenient,0.0006758664536645753
per,0.0006748680720858324
return,0.0006728930052561921
veggie,0.0006725854438855983
reviews_NEG,0.0006703549269322373
vegetarian,0.0006700965360537658
rings,0.0006699273137638073
patty,0.0006691425823084352
prepared,0.0006687887887117938
places,0.0006680130779406213
mall,0.0006661802495560032
patient,0.0006648339618871013
ambience,0.0006646062562150057
bites,0.0006633473200827744
pie,0.0006627311301148353
cause,0.0006612520138373768
normal,0.0006585272653691909
sit_NEG,0.0006581703125765337
cheaper,0.0006576854420976552
entrees,0.0006559344809420331
quiet,0.0006556035096294544
american,0.0006552764414116119
sized,0.0006551362075049028
young,0.0006549091130483298
duck,0.0006546520878640827
friendly_NEG,0.0006543119222479632
crunchy,0.0006533780966786473
needed,0.0006529514134654413
station,0.0006522384702218886
low,0.0006512162154237444
want,0.0006500943862568498
positive,0.0006500557213886538
games,0.0006497283116853048
notice,0.0006482417881890079
mix,0.0006472416356673172
pepper,0.0006464023844197087
huge_NEG,0.0006441289335250566
others,0.0006438383655611446
dinner_NEG,0.0006435337835561938
chili,0.00064252630372863
mind,0.0006423855104600307
quickly,0.0006406302429917687
review_NEG,0.0006382548181420589
sure,0.0006352003106133708
hell,0.0006348371960340771
open,0.0006343305108718056
valley,0.0006341126740241343
prior,0.0006300586077689907
slices,0.0006295625549017636
plates,0.0006280147734045727
soon,0.0006275725480122674
cheddar,0.0006274576606690729
value,0.0006270401496966116
thinking,0.0006264623754996812
shot,0.0006263149994869543
serve,0.0006260919980092261
mushroom,0.0006236957265515208
stop,0.0006233413182381575
better_NEG,0.0006213385603164312
coupon,0.0006190073762710746
sour,0.0006176160720365864
yes,0.0006155862810128809
walk,0.0006131128252921947
street,0.000611740955105855
full_NEG,0.000611695017223024
lunch_NEG,0.0006108681584660047
happen,0.0006100625506300084
concept,0.0006045719441529762
glasses,0.0006043043600691966
month,0.000598338111507335
hash,0.000598140254886026
meat_NEG,0.0005973518795956423
bucks,0.0005968456332818839
ingredients,0.0005966027134021168
lamb,0.0005965147229267664
combo,0.0005952029548215165
mushrooms,0.0005951219736251012
trust,0.0005940747206825137
rate,0.0005919088302084319
machine,0.0005916316230432095
strong,0.0005914272150668864
seats,0.0005904326930958881
experiences,0.0005883029412725449
impressive,0.0005880973682219626
anyways,0.0005856560824915036
mine,0.0005835661810005277
few_NEG,0.0005827305207599665
picked,0.0005817171049047332
expectations,0.0005784697599149347
tuna,0.0005778105797356048
case,0.0005776732463753653
biggest,0.0005771510947929492
yeah,0.0005742497043246253
salsa,0.0005738610588021942
full,0.000572717060085548
makes,0.0005705098623094429
older,0.000570246742102043
peppers,0.0005683211455842496
charlotte,0.0005680111237715835
buy,0.0005679349258596034
italian,0.000566455676898503
beans,0.0005655180948602734
dining,0.0005642295543277775
having_NEG,0.000562582377191756
awhile,0.000561350107117331
ketchup,0.000560214816158755
delivered,0.0005594760005269706
short,0.0005594296202229287
bigger,0.0005584836193972542
cinnamon,0.0005560834349846999
filet,0.0005523380974583603
weather,0.0005522554790817757
shop,0.0005516634604960657
noodles,0.0005512744355109511
next,0.0005512040661543871
these_NEG,0.0005508918416157194
ribs,0.0005506067234959389
larger,0.0005504893107444175
crust,0.0005502952430993524
daily,0.000550044392909399
line_NEG,0.0005498334688951445
pick,0.0005493595690615471
baked,0.0005490338891158686
oil,0.0005485641918498985
its_NEG,0.0005476606339134271
touch,0.000547020629498185
often,0.000545632144427266
whatever,0.0005445055170145707
year,0.0005425885673027153
turkey,0.0005411214069384052
plus,0.0005408244262592454
work,0.0005387856693488402
drinking,0.0005377818994016792
rib,0.0005372779095975666
host,0.0005340460884997178
regular,0.0005334901050813023
guys,0.0005314865225058973
comes,0.0005314697612139874
seafood,0.0005310486938454595
priced,0.0005302402905544845
friday,0.0005300956836440385
dish_NEG,0.0005291366711412948
visit,0.0005287922099297404
seen_NEG,0.0005263882649804152
vanilla,0.0005257902385462643
checked,0.0005255654751086247
strawberry,0.000525532829141806
show,0.0005251290012036058
inside_NEG,0.0005217373399517555
rooms,0.0005212627827591021
not,0.0005205248553430408
helped,0.0005199599322511794
slaw,0.0005168145046816619
ones,0.0005162024051297287
enough_NEG,0.0005135089135435145
parmesan,0.0005125240697587685
less_NEG,0.000512094345350711
certainly,0.0005112143634273814
dollar,0.0005086856318086141
waffle,0.0005082249769223779
upscale,0.0005077748914810165
buffalo,0.0005045633738247624
list,0.000504082794019034
questions,0.0005026236480376589
usual,0.0005024167275888836
steak_NEG,0.0005016136351860823
returning,0.0005008364020699929
poutine,0.0005003914876353655
whenever,0.0004994939477573901
those_NEG,0.0004988858037231481
top_NEG,0.0004957653592057021
lobster,0.0004956549896482088
stuff,0.0004952229765451399
thought_NEG,0.0004942847958551155
eat,0.0004934651252037625
curry,0.0004930131449740749
sunday,0.000492348018604094
arizona,0.0004922765814536767
hang,0.0004919613581093607
owners,0.0004916461817754403
watching,0.0004912376584216283
idea,0.0004905181847183471
takes,0.0004891681527983138
consistent,0.0004887574907619374
complain_NEG,0.00048809843681452136
view,0.00048775160110858806
added,0.0004876772277846442
afternoon,0.0004857567222211756
version,0.00048288114907935054
hey,0.0004825287508136711
bring,0.00047742626505931085
asian,0.00047737702466710275
chairs,0.0004773040119392391
offers,0.00047568244364359913
workers,0.00047563194243238627
nachos,0.00047421509290446195
sizes,0.00047407787723008354
oh,0.00047354688096712394
hubby,0.0004713497374591036
tomatoes,0.0004712150531478443
mouth,0.0004705099895363496
feel,0.00046919783223975386
pittsburgh,0.0004663488098182178
draft,0.0004646285968514796
meats,0.0004640184502937572
soda,0.00046400340001673257
need_NEG,0.00046378725949347555
luckily,0.00046376840615947046
brisket,0.00046311127252574025
cleveland,0.0004627869134647966
club,0.0004627154535046252
gravy,0.0004622454205769344
date,0.00046137249100253186
trip,0.00046105201459401
possible,0.0004605940911424078
fruit,0.0004597926329106272
start,0.00045615586098746164
chance,0.00045543378629497866
visit_NEG,0.00045453313939392004
mustard,0.0004525482725359353
pool,0.00045212994303645004
fair,0.00045157669411821644
expect_NEG,0.0004508209192701784
mary,0.0004501759644433001
nice_NEG,0.000448663285709916
blue,0.00044705759857999183
pickles,0.0004448261281768673
previous,0.00044159389407028016
airport,0.00043984856365275604
many,0.00043948744207078505
general,0.000439159802138267
training,0.0004371842643746682
types,0.00043685312186836356
happy_NEG,0.00043664511253815874
goodness,0.0004347035319285375
jalape,0.0004329306168329161
free,0.0004314688488520346
together,0.0004314000163763154
cannot,0.00043031969810147785
batter,0.00043021489985894945
thing_NEG,0.00042852259600101306
right,0.00042789620556016317
face,0.0004274907162540309
ahead,0.00042596231601166323
c,0.0004255691032408748
chinese,0.0004252847369103918
system,0.0004247877352794305
mashed,0.00042258328011790525
treat,0.00042184652986820836
omelet,0.00042036868095784996
means,0.0004200512040908322
last_NEG,0.0004199818950092471
greens,0.0004195334421974728
come,0.00041921582993875717
delivery,0.0004172778917155284
quite_NEG,0.00041713390442765785
early,0.00041501109860764274
rush,0.00041477662720401653
white,0.0004128794570257277
services,0.000411793903456914
offer,0.0004110800516703428
city,0.0004107562060440273
fancy,0.0004101941581033941
smoke,0.00040980605487872523
fixed,0.0004095684055784865
presentation,0.00040910173602926037
calamari,0.0004079088448314394
normally,0.00040731590785592076
cocktail,0.00040720602022004115
chipotle,0.00040689138355620713
available,0.0004060533011971401
add,0.0004051932848203599
mini,0.00040489724081149703
idea_NEG,0.0004023959307528635
lived,0.0004022127054983393
item,0.0004021152827760055
ca,0.000400729622718643
rolls,0.00040049743573433716
tons,0.00040005099943352107
caesar,0.00039959395379263185
immediately,0.0003988422031873107
beat_NEG,0.00039812814313711087
head,0.00039761704233765016
matter_NEG,0.00039761125079618154
bean,0.0003965100098923813
tea,0.0003957645623113848
word,0.0003954313007126231
restaurants,0.00039253972791630787
fat,0.0003906453129096654
most_NEG,0.0003904778537928699
near,0.00038895695722063195
house,0.0003889546142752387
different_NEG,0.0003886412768356884
hamburger,0.0003874742813443355
upon,0.0003872489068101892
coleslaw,0.00038673140335543366
difficult,0.00038600106642761034
ham,0.00038433247208846666
eyes,0.000384113506889161
recent,0.0003840491310733718
cakes,0.0003827249452950099
appreciated,0.0003795226196108281
reminded,0.00037919508237704846
shopping,0.0003784865684894889
looking_NEG,0.0003780215188919911
believe_NEG,0.00037567633648727394
thai,0.00037523056631139085
cafe,0.0003750463747849153
catch,0.0003745191590849295
tots,0.0003719720375472413
pizza,0.000370804593777585
complimentary,0.00037021662934266786
sliders,0.0003696859044119982
rare,0.0003693427798454607
foods,0.0003680532351864052
yesterday,0.00036798152406358753
chef,0.0003678185786877286
roll,0.00036610589281993455
az,0.0003659848676380584
brown,0.0003655613959034909
addition,0.00036512339094763036
bite,0.00036489647881765563
god,0.00036249487495254584
shakes,0.00036136461850322377
apple,0.0003606588163465041
groups,0.00036029131774295564
easily,0.00036006802546140193
stayed,0.00035985033325180993
known,0.00035956540775039514
toasted,0.0003592055311494313
omelette,0.0003584945636347925
section,0.0003582159171755528
scottsdale,0.00035771350285651593
pretzel,0.00035770513096933243
alcohol,0.0003574449617085307
new,0.0003561150788256029
seen,0.00035420252034690236
discount,0.0003534279361474546
across,0.00035187513001089243
bowl,0.00035037143102112367
cheeseburger,0.0003482711688267415
movie,0.00034750157764262823
separate,0.00034671823364496035
wish,0.00034437416270938215
weekend,0.0003424543753776099
nights,0.0003404915825098165
day,0.0003396985194821234
bunch,0.0003387603064992639
cut,0.00033855227951962164
yet_NEG,0.0003372392245126754
nearby,0.00033635931545905606
using,0.0003353610472505153
oz,0.0003325971558787444
playing,0.00033108984672347574
lol,0.0003310424494267217
slice,0.00032925007616180224
opened,0.00032910766850058337
lemon,0.0003272968771583784
corned,0.0003259605994387904
simply,0.00032516479532551656
black,0.0003240290354602493
stopped,0.0003235782819284161
mayo,0.0003224310637834904
n,0.00032186381940224607
mind_NEG,0.0003212458050372291
places_NEG,0.00032060018124413503
certain,0.00031503837990731753
man,0.00031474799422159805
walls,0.0003142739679491413
fell,0.0003140218170409881
bright,0.0003138234144568486
bars,0.0003124327831942608
find,0.0003121961456957756
friends,0.0003106707067352943
browns,0.00031020721335117685
filled,0.0003101908865885683
round,0.000309914874299988
southern,0.0003095397467718364
name,0.00030925083321342584
ton,0.0003080630934033657
years_NEG,0.0003067965540957118
process,0.0003065778643414063
famous,0.00030601652758388553
mood,0.00030598854615426774
reservation,0.00030440042000012824
knew,0.00030409493405025856
finish_NEG,0.0003036460511141037
goes,0.000302280845985603
w,0.0002987179982034682
biscuits,0.00029820762236054676
guests,0.0002975369447972831
prime,0.0002965108911756609
mother,0.00029632853981897966
consider,0.0002958645595940723
deal,0.0002957485221815048
syrup,0.00029564669751591666
earlier,0.0002956156119364728
vegetables,0.0002932271719635615
spring,0.0002924644360704498
ice,0.0002904476301845982
platter,0.00028927106881715403
covered,0.0002886157474142337
break,0.0002880019477613516
staying,0.0002862680961426278
serves,0.0002854346808627284
children,0.000285383359658109
along,0.00028534800854407294
sugar,0.00028527698882419017
various,0.0002852243128708132
everywhere,0.0002850555976605662
bed,0.00028463235805054055
cheesecake,0.00028424727084574997
able_NEG,0.00028125163685599475
bloody,0.00028119067316145774
corner,0.00027977666123613076
park,0.0002793425327558552
cheap_NEG,0.0002792050473505725
grill,0.00027854473351140996
appreciate,0.00027702684103614317
yet,0.0002769329261367304
knows,0.000274356983896773
buns,0.00027431796009524945
fry,0.00027329583199842133
giant,0.0002732457514391662
wall,0.0002730556891741287
name_NEG,0.0002705454544935648
double,0.00026991620105709657
sushi,0.00026960037273182635
included,0.0002695080543646533
restaurants_NEG,0.00026816812276120316
straight,0.0002679855285601107
signature,0.00026774293369102864
shake,0.0002674100425803516
breakfast_NEG,0.00026589677268296086
wing,0.00026538096655359666
gift,0.0002648300781378232
im,0.00026390716792379365
gets,0.00026297965488719655
warm,0.00026156434491841907
de,0.0002607833838390583
melt,0.0002604940391885968
forget,0.00026000787218993793
next_NEG,0.0002582168622340397
deep,0.0002558063592208448
south,0.00025574853827947663
without_NEG,0.0002550125658435931
heat,0.0002549862473846254
picture,0.0002531687957194606
step,0.0002516244507075882
find_NEG,0.0002516134457919428
taco,0.0002509234323149201
b,0.00024872662677877244
six,0.00024809869343522806
plan,0.00024646218218293825
kids,0.0002458492773684817
tastes,0.00024579922923395614
la,0.00024387049575524955
pancake,0.00024374056799247867
moved,0.00024364561917833427
remember_NEG,0.00024350464587419296
also_NEG,0.00024128372972187506
things_NEG,0.00024095647783139995
loaded,0.00024009493747145783
feel_NEG,0.0002398789626454345
son,0.00023749695983843466
chose,0.00023733825349214754
muffin,0.00023589626554709753
particular,0.00023523227144739423
girls,0.00023502104492090226
margarita,0.00023313495728860545
building,0.0002325273340755274
evening,0.0002287045939222132
often_NEG,0.00022766364974202702
course,0.0002271355593919111
looking,0.00022560585525832622
recommendation,0.00022292911432497675
purchase,0.0002224040986447129
all,0.00022223974383139833
u,0.00022193573006967782
daughter,0.00021993256789842874
consistently,0.00021783961168031496
week,0.0002172799486870325
play,0.00021669154016068504
ribeye,0.00021625160475347016
simple,0.00021478096872229457
locals,0.00021462408626993223
ranch,0.0002146031678575966
request,0.00021327157796102725
setting,0.00021156830433444185
meals,0.0002109212851935105
bottle,0.0002100513006690896
imagine,0.000208824077879477
heart,0.0002084929802825819
west,0.00020725947922173305
waiters,0.00020484126294961769
no,0.00020357546869353982
set,0.00020230087199646363
personally,0.00019989769039652217
pop,0.00019772230576142746
wrap,0.00019695898401117518
air,0.00019632813191527987
making,0.00019382516577648445
love_NEG,0.00019269876355343385
tuesday,0.0001924121343770402
super_NEG,0.00019182923214700054
east,0.00019156522774688156
exactly,0.00019002385222988138
reading,0.00018832554884840036
believe,0.00018826842554320322
including,0.0001882419750978137
single,0.00018776577805112993
mexican,0.00018743596499382065
home,0.00018725021496512895
tried_NEG,0.00018575297759504394
center,0.00018472766809640717
remember,0.00018310978332047867
juice,0.0001822472792896157
live,0.0001809468797966396
wife,0.00018092515606582538
fingers,0.00018043789097443863
typically,0.00017980543356488354
able,0.0001790864200184039
greeted,0.00017866052602677485
feels,0.00017837809452725395
drop,0.00017691381844375798
decide,0.00017690808331183305
alone,0.0001765848527077729
pricing,0.00017605179036239704
monday,0.00017598935319584896
surprise,0.000175245163077431
iced,0.0001742753968967392
enjoy_NEG,0.0001730484802604515
visited,0.00017287907310281625
personal,0.00017105729582223006
orange,0.00017073413238044566
visits,0.00016850071405505318
seeing,0.000167053123118599
incredibly,0.00016648824989706767
tasting,0.0001659866836081214
enjoying,0.00016472748593532316
philly,0.00016338915539337862
pot,0.00016325794347427092
moment,0.0001627141025442036
milk,0.00016199379325909646
north,0.00015796451496274955
market,0.00015670210605733814
thursday,0.0001562169966824456
polite,0.0001522456423339591
anywhere_NEG,0.00014886343201814256
sun,0.0001473230696928951
forward,0.0001473091858179565
sounds,0.00014666453270129054
met,0.00014636606737639113
locations,0.00014587608233362914
football,0.00014569427864818962
spots,0.00014326900642513962
everything_NEG,0.00014086067195728802
california,0.00014075897314036467
true,0.0001403424925077168
steaks,0.0001394151901732421
level,0.0001393470043344891
shows,0.00013810190190177707
app,0.00013714911984985534
complaints_NEG,0.00013644931133605098
bone,0.00013592138613649496
top,0.00013553323197701417
wednesday,0.00013320435030905742
fill,0.000132541501717931
kid,0.0001319917702371498
driving,0.00012909209467837357
husband,0.00012783168498353703
moving,0.0001243929955156986
st,0.00012322072598225375
desert,0.0001225642350273226
damn,0.00011900717093338287
worked,0.00011456319394032022
dogs,0.0001137250857348171
conversation,0.00011371225438239208
melted,0.00011309501148293322
become,0.00011102016727537745
toronto,0.00011081205000129657
totally,0.00011011699910534745
honest,0.00011003244141027935
york,0.00010765762981623794
promptly,0.00010686250667824027
pulled,0.0001067821686104864
five,0.00010561259489261232
burrito,0.00010447029508764416
provided,0.00010188377141195915
eye,0.00010002379594098443
crazy,9.972277449099565e-05
original,9.958961324629811e-05
dine,9.653307654877707e-05
country,9.622843833501094e-05
checking,9.6198029801986e-05
dessert_NEG,9.304395613130012e-05
texas,9.214155445969041e-05
feeling,8.947770027800672e-05
morning,8.71988208035468e-05
make,8.688857966543395e-05
future,8.662973701767385e-05
anywhere,8.373154889529388e-05
book,8.186677939159281e-05
real,8.065046273975085e-05
lucky,7.992282323909805e-05
vegas_NEG,7.964539997917797e-05
road,7.620111461736911e-05
recently,7.524437803274608e-05
works,7.470825101485445e-05
wanting,7.412121259875448e-05
flight,7.396374458279453e-05
birthday,7.252952400138568e-05
every_NEG,7.123908968065251e-05
reservations,7.017434073208761e-05
wrong_NEG,6.772423389023174e-05
made,6.711590348507102e-05
provide,6.62137504221505e-05
folks,6.610506238757807e-05
suggest,6.571116952924783e-05
within,6.521567633743786e-05
opening,6.318703568020112e-05
yelp,6.310752275062725e-05
never,6.099160772787826e-05
meet,6.023904309548911e-05
girlfriend,5.978236584747165e-05
dog,5.8329794893285936e-05
throughout,5.7170821100349656e-05
rock,5.6602560945417935e-05
stop_NEG,5.521776811390211e-05
king,5.216730907386946e-05
closer,5.187143071205824e-05
willing,5.051659271337883e-05
cooking,4.996950468383332e-05
continue,4.992907699641336e-05
bringing,4.778189652965281e-05
far,4.6516698042786686e-05
school,4.638325080952299e-05
mom,4.554755419405865e-05
e,4.501885532581795e-05
always_NEG,3.971094512733586e-05
gives,3.9332857433294066e-05
disappoint_NEG,3.7325473364546724e-05
sister,3.600720408059033e-05
eaten,3.43704799861122e-05
living,3.369712865586294e-05
baby,3.296188151491464e-05
finish,3.168221409444172e-05
event,3.1564818010476614e-05
fire,2.9444449346716084e-05
mention,2.933854033360106e-05
board,2.7150818449506176e-05
pictures,2.6297425088639415e-05
keep,2.4192990940807846e-05
found,2.1802830516115534e-05
try_NEG,2.1127675063681295e-05
forget_NEG,2.0714486341333327e-05
boyfriend,1.8295020061565026e-05
boy,1.798343393843993e-05
important,1.7019636441961694e-05
whether,1.535432161459127e-05
frequent,1.1006661174928212e-05
suggested,1.093981290489765e-05
funny,3.8906918677916735e-06
bartenders,3.843780596035629e-06
finding,2.548156564863291e-06
ladies,2.068425021484188e-06
